ID,Language,Screen Name,Text
957031844125577216,und,naomi_yamadami,b'#happy https://t.co/dNmbNbXzRW'
957031661279043585,en,5m6m7,b'#Happy weekend https://t.co/Q9IFpOgorp'
957031629628825600,en,5m6m7,b'#Happy weekend https://t.co/mPq4JMSqNL'
957031600474198017,en,ravenlounge,b'@djREEDSTREETS \xf0\x9f\x8e\xb6 is back this Saturday = Music drops at 10 pm @ravenlounge \n.\n.\n#music #live #dj #happy #weekend\xe2\x80\xa6 https://t.co/vUGIsva6z5'
957031586880356352,en,GTAeventsinfo,b'We are @GTAeventsinfo.We do weekly events in Toronto.Please join us https://t.co/aLT4pjPg57 #Fun #happy #Events https://t.co/hrBIFK64HU'
957031439047958529,en,moelogo,b'RT @MMLTPR: @moelogo @adekunleGOLD Already on the team! My people are you ready for Moelogo #Happy?'
957031416700854272,es,YamiDavis,b'Today Lady In Red\xf0\x9f\x92\x84\xf0\x9f\x92\x8b\n1er Encuentro Acad\xc3\xa9mico UIP 2918\n#Happy\xe2\x80\xa6 https://t.co/xYFW2ANxpV'
957031374757744645,und,Ktt_Naroki,b'#her \xf0\x9f\x98\x98\n\xe2\x80\xa2\n\xe2\x80\xa2\n\xe2\x80\xa2\n#grlpower #nightout #girlsnight #baes #weekend #inshot #girls #cute #happy #fun\xe2\x80\xa6 https://t.co/KMb7M50Wlc'
957031346408513536,en,MMLTPR,b'@moelogo @adekunleGOLD Already on the team! My people are you ready for Moelogo #Happy?'
957031324166090757,und,HANY_RDAM,b'Qu\xc3\xa9 \xf0\x9f\x90\x9f? #Hola #ForYou #FelizViernes #FelizFinDeSemana #SiguemeYTeSigo #SIGUEMEYTESIGO #Happy #LouisTomlinson https://t.co/1zAY8u3bx3'
957031211075035136,en,gayhamsk8,b'@richsolarstone boom 3am -4:30 get in #happy'
957031202250215424,en,ALifeLongRecord,b'RT @adekunleGOLD: Watch out of this beautiful song. @MMLTPR Moelogo x AG on deh ting! #Happy https://t.co/Lr74ev4IOH'
957031140493283328,en,aSmilesForMiles,b'Happy Friday \n#Friday #lipstick #lipsense #pretty #strawberryshortcake #love #crueltyfreemakeup #lips #happy #TGIF\xe2\x80\xa6 https://t.co/bA6f3mJlEF'
957031122201956353,en,Tijey_16,"b""Opening WhatsApp or Instagram and finding my creations on everyone's profile :') #bestpartoftakingphotos #happy\xe2\x80\xa6 https://t.co/6p0TQImeFX"""
957031030107574272,en,DayMakingNews,"b'Today, January 26th, is National spouse day. \xe2\x95\xb0(*\xc2\xb4\xef\xb8\xb6`*)\xe2\x95\xaf\xe2\x99\xa1#January #spouse #DMN #GoodNews #Happy #Love'"
957031029633462272,ja,httq_moi,b'RT @aws_official: \xe3\x82\xa2\xe3\x83\x89\xe3\x83\x99\xe3\x83\xb3\xe3\x83\x81\xe3\x83\xa3\xe3\x83\xbc\xe3\x83\xaf\xe3\x83\xbc\xe3\x83\xab\xe3\x83\x89\xe3\x81\x8c\xe8\xb4\x88\xe3\x82\x8b\xe3\x83\x8f\xe3\x83\x83\xe3\x83\x94\xe3\x83\xbc\xe3\x82\xa6\xe3\x82\xa8\xe3\x83\x87\xe3\x82\xa3\xe3\x83\xb3\xe3\x82\xb0\xe2\x98\x86 \xe7\x89\xb9\xe8\xa8\xad\xe3\x82\xb5\xe3\x82\xa4\xe3\x83\x88\xe3\x81\xaf\xe3\x81\x93\xe3\x81\xa1\xe3\x82\x89\xe3\x81\x8b\xe3\x82\x89https://t.co/lcYDBDAY62\xe3\x80\x80#\xe3\x82\xa2\xe3\x83\x89\xe3\x83\x99\xe3\x83\xb3\xe3\x83\x81\xe3\x83\xa3\xe3\x83\xbc\xe3\x83\xaf\xe3\x83\xbc\xe3\x83\xab\xe3\x83\x89\xe3\x80\x80#\xe7\xb5\x90\xe5\xa9\x9a\xe5\xbc\x8f\xe3\x80\x80\xef\xbc\x83\xe3\x82\xa6\xe3\x82\xa7\xe3\x83\x87\xe3\x82\xa3\xe3\x83\xb3\xe3\x82\xb0\xe3\x80\x80\xef\xbc\x83\xe3\x83\x91\xe3\x83\xb3\xe3\x83\x80\xe3\x80\x80\xef\xbc\x83Happy https://t.co/eTIq3uvjA4'
957031005004574721,ja,happy_meigen,b'\xe5\xb9\xb8\xe7\xa6\x8f\xe3\x81\xa8\xe3\x81\xaf\xe3\x80\x81\xe5\x8d\x98\xe7\xb4\x94\xe3\x81\xaa\xe7\x9c\x9f\xe5\xae\x9f\xe3\x81\xa0\xe3\x80\x82\xe5\xbf\x85\xe8\xa6\x81\xe6\x9c\x80\xe5\xb0\x8f\xe9\x99\x90\xe3\x83\x97\xe3\x83\xa9\xe3\x82\xb9\xef\xbc\x91\xe3\x80\x82\xe2\x80\xa6\xef\xbc\x88\xe7\xb6\x9a\xe3\x81\x8d\xe3\x81\xafWEB\xe3\x81\xa7\xef\xbc\x89\n\xef\xbc\x88\xe9\x95\xb7\xe7\x94\xb0\xe5\xbc\x98\xef\xbc\x89\n\xe3\x80\x90\xe5\x90\x8d\xe8\xa8\x80\xe3\x83\x8a\xe3\x83\x93\xe3\x80\x91 https://t.co/ilePIZ0MlL #meigen #\xe5\xb9\xb8\xe3\x81\x9b #\xe5\xb9\xb8\xe7\xa6\x8f #\xe3\x83\x8f\xe3\x83\x83\xe3\x83\x94\xe3\x83\xbc #happy'
957031004803424257,en,MyHappyQuotient,b'Yale\xe2\x80\x99s Most Popular Class Ever: Happiness https://t.co/1o4qNAOs41 via @NYTimes #Happiness #Happy #EQ\xe2\x80\xa6 https://t.co/WinPB6sebt'
957031003570176005,en,LuliMuses,b'Yale\xe2\x80\x99s Most Popular Class Ever: Happiness https://t.co/YBGKlJznWC via @NYTimes #Happiness #Happy #EQ\xe2\x80\xa6 https://t.co/FeCWk1vJzM'
957031003519897600,en,Goddess_NYC,b'Yale\xe2\x80\x99s Most Popular Class Ever: Happiness https://t.co/YtQq8xvr5W via @NYTimes #Happiness #Happy #EQ\xe2\x80\xa6 https://t.co/KSlCK7E4rb'
957030996859375616,en,marketingmuseaz,b'Yale\xe2\x80\x99s Most Popular Class Ever: Happiness https://t.co/w6QBj0UBV5 via @NYTimes #Happiness #Happy #EQ\xe2\x80\xa6 https://t.co/LKN4d7OJiI'
957030978362511360,en,dakotagso,b'@TheEllenShow #Happy Happy Birthday.'
957030872875720705,en,moelogo,b'@MMLTPR @adekunleGOLD Amen #Happy'
957030813169803264,en,moelogo,b'RT @adekunleGOLD: Watch out of this beautiful song. @MMLTPR Moelogo x AG on deh ting! #Happy https://t.co/Lr74ev4IOH'
957030778709344256,en,arnyz_hill,"b""\xe2\xad\x90\xef\xb8\x8fToday's cute chocopan\xe2\xad\x90\xef\xb8\x8f\n#knit #knitting #knitstagram #handmadehouse #handmade #happy #koala\xe2\x80\xa6 https://t.co/lsgPbqmS22"""
957030756328660994,en,FemalesCurated,b'RT @SamanthaRone1: \xe2\x99\xa5\xef\xb8\x8fWHORE! \xe2\x99\xa5\xef\xb8\x8f \n.\n.\n.\n.\n.\n#whore #blonde #aeexpo2018 #samantharone #happy #gorgeous #baddie\xe2\x80\xa6 https://t.co/zkB6QBydTB'
957030666570485761,en,SparkBestSeller,b'RT @downheartedgirl: Yohoo weekend is here!!! \xf0\x9f\x98\x82\xf0\x9f\x98\x81\n\n#restday #weekend #feels #happy #Saturday #tgisaturday https://t.co/AjdIFFetwI'
957030665576501248,en,Studio20Live,b'RT @MeganKrofft: #Happy #TGIF #Weekend is here hahaa https://t.co/p1aR9452tv'
957030657401720832,en,SparkBestSeller,b'RT @meet_captureme: Take time to make your soul #happy!  #Lifeisgood #keepsmiling https://t.co/R6ffQSMSYP'
957030626946965509,en,SparkBestSeller,b'RT @UltraHealthMC: Happy Birthday from the entire UH Family!!! \xf0\x9f\x8e\x82\xf0\x9f\x98\x9c\xf0\x9f\x8d\xb0 #ultrahealth #happybirthday #birthday #happy #HappyBirthJ #free #preroll\xe2\x80\xa6'
957030604943642625,und,SparkBestSeller,b'RT @tattohorny: #boy #tatto #hot #latino #very #weed #happy\n\xf0\x9f\x98\x88\xf0\x9f\x98\x8f\xf0\x9f\x8d\x81\xf0\x9f\x98\x9a\xf0\x9f\x92\xa8\xf0\x9f\x92\xa8\xf0\x9f\x98\x8d https://t.co/lJfnsfmcb7'
957030561511436289,und,AshamanGuazon34,b'#love #instagram #instagood #beautiful #beautifuldestinations #fashion #happy #tbt #cute #like4like #followme... https://t.co/BSdAjtzx1q'
957030541047549952,en,FitFabio,b'#Pinnaclepteam QUOTE OF THE DAY!!!\n#love #photooftheday #happy #beautiful #tbt #like4like\xe2\x80\xa6 https://t.co/K72mmTyusS'
957030490334289922,en,downheartedgirl,b'Yohoo weekend is here!!! \xf0\x9f\x98\x82\xf0\x9f\x98\x81\n\n#restday #weekend #feels #happy #Saturday #tgisaturday https://t.co/AjdIFFetwI'
957030479496019968,en,THExPORNFATHER_,b'RT @missJennOnline: Thank you @ImLiveCom for NEW amazing award! #SEXIEST \xf0\x9f\x8f\x86!!! So #HAPPY to be here with you:  \xf0\x9f\x91\x89https://t.co/49y2G3Rynt #Cam\xe2\x80\xa6'
957030420599754753,en,meet_captureme,b'Take time to make your soul #happy!  #Lifeisgood #keepsmiling https://t.co/R6ffQSMSYP'
957030418812952576,en,UltraHealthMC,b'Happy Birthday from the entire UH Family!!! \xf0\x9f\x8e\x82\xf0\x9f\x98\x9c\xf0\x9f\x8d\xb0 #ultrahealth #happybirthday #birthday #happy #HappyBirthJ #free\xe2\x80\xa6 https://t.co/sNbcYTm6Ah'
957030412513087489,und,tattohorny,b'#boy #tatto #hot #latino #very #weed #happy\n\xf0\x9f\x98\x88\xf0\x9f\x98\x8f\xf0\x9f\x8d\x81\xf0\x9f\x98\x9a\xf0\x9f\x92\xa8\xf0\x9f\x92\xa8\xf0\x9f\x98\x8d https://t.co/lJfnsfmcb7'
957030410143363077,en,Fans_Viciosilla,b'RT @missJennOnline: Thank you @ImLiveCom for NEW amazing award! #SEXIEST \xf0\x9f\x8f\x86!!! So #HAPPY to be here with you:  \xf0\x9f\x91\x89https://t.co/49y2G3Rynt #Cam\xe2\x80\xa6'
957030380594450432,en,Ernie_eBooks,b'Fuck #Gray! #Lucy #Happy #Erza #Gajeel #Pantherlily'
957030363129434114,und,dagustinwo,b'#FolloForFolloBack #follo4follo #follo4follo #SIGUEMEYTESIGO #SiguemeYTeSigoAlInstante #ViernesDeGanarSeguidores\xe2\x80\xa6 https://t.co/xkcTfMaobn'
957030339968405505,en,rorowilic,b'RT @Cupcake_the_cat: Chilling to the max! \xf0\x9f\x98\x8e #happy #JellyBellyFriday https://t.co/luPnKmAwvM'
957030322725679104,en,ajii_malik99,b'RT @Jn_7L: @DaaD01 \xe2\x9d\x84 Hi Denise \xef\xbc\x8a\xe2\x9d\x84\xe3\x83\x84\xe2\x9d\x84\nI wish you a fabulous winter full of incredible and wonderful moments \xef\xbc\x8a\xe0\xb9\x91\xe2\x99\xa1\xe2\x9d\x84\xe2\x99\xa1\xe0\xb9\x91\n\n \xe2\x9d\x84 #Happy Winter \xe2\x9d\x84\xe2\x99\xa1\xe0\xb9\x91\xe2\x9d\x84\xe0\xb9\x91 ht\xe2\x80\xa6'
957030233026285575,en,choitaeseon,b'RT @C_bum1007: Happy FridayNight\xf0\x9f\x98\x98\n\n#Happy #Friday #Night https://t.co/EqxZpMKqoQ'
957030153619611648,en,giastomb,"b'RT @TrainingMindful: ""4 Meditation Benefits Rarely Considered"" https://t.co/HD4M59dAS8 #peace #happy #meditation #mindfulness https://t.co/\xe2\x80\xa6'"
957030146753679360,und,_iblobl,b'#Share #Ibbleobble #Faces! #FREE #emoji #emojis #GetStuckIn \n\nhttps://t.co/MUCJ0raoS2\n\n#AppStore #Stickers #Send\xe2\x80\xa6 https://t.co/mNUBpfG2vG'
957030078143229953,en,bloglx,"b'Hey, hey \xf0\x9f\x91\x8b | leopenido \n#travel #visit #great #day #amazing #great #pic #picture #happy\xe2\x80\xa6 https://t.co/m3DlMNRXPs'"
957029853483724800,en,AHighYellaBella,b'#Uber #loving on the way to the function\n.\n.\n#happy #couple #beautiful  #faces\xe2\x80\xa6 https://t.co/3BBQ4Pfe6H'
957029668728770561,en,JoeForex22,b'It cannot be more exciting to see how money is made right in front of your eyes! Seeing is believing so see it now! #Happy #Get #Fund'
957029667248267265,en,bendarrelmail,b'It cannot be more exciting to see how money is made right in front of your eyes! Seeing is believing so see it now! #Happy #Get #Fund'
957029586310754304,und,RareBwouy,b'#inshot #girls #cute #summer #blur #sun #happy #fun #dog #hair #beach #hot #cool #fashion\xe2\x80\xa6 https://t.co/2i8zoj0IBY'
957029480895217665,pt,queirolz,b'Bom amigos vim aqui falar que depois de longos 25 anos eis que finalmente consegui tirar meu primeiro cart\xc3\xa3o de cr\xc3\xa9dito e t\xc3\xb4 #happy eh isto'
957029374611611658,fr,Ines_Duhard,"b""Quand tous tes projets deviennent r\xc3\xa9alit\xc3\xa9s... encore une signature avec un nouveau client aujourd'hui, cette nouvel\xe2\x80\xa6 https://t.co/OnufQvpRMC"""
957029300477288450,en,Mia_DiaperBank,b'Splish Splash! Do you believe all #babies deserve clean #diapers to be #happy and #healthy? We do! Join us in suppo\xe2\x80\xa6 https://t.co/4ri8YzMj8Y'
957029253568188416,en,Busyvin,b'RT @adekunleGOLD: Watch out of this beautiful song. @MMLTPR Moelogo x AG on deh ting! #Happy https://t.co/Lr74ev4IOH'
957028993101840384,und,Ktt_Naroki,b'\xf0\x9f\x91\xaf  \n\xe2\x80\xa2\n\xe2\x80\xa2\n\xe2\x80\xa2\n#grlpower #nightout #girlsnight #baes #weekend #inshot #girls #cute #happy #fun\xe2\x80\xa6 https://t.co/kKjt0VWV0G'
957028988542648320,en,LuxChares,b'##Happy wakened every one https://t.co/Sxw64Wn6io'
957028972730179584,en,marjamonkey,b'#happy \xf0\x9f\x8d\x9fyay! \xf0\x9f\x92\x95\xf0\x9f\x90\xb6\xe2\x98\xba\xef\xb8\x8fTrying to take a #selfie with this #gal but she keeps trying to get my eyeball\xe2\x80\xa6 https://t.co/653Ltx8qfd'
957028956858912769,es,Mujeresrunners,"b'C\xc3\xb3mo hacer zumos detox https://t.co/BGT1HMiFLb #mujeresrunners, #running, #blogger, #sitges, #bienestar, #happy'"
957028909375217666,ko,SonyaBorbyti,"b'\xeb\x83\x89\xeb\x8b\xb4\xed\x95\x98\xea\xb2\x8c , \xd1\x85\xd0\xbe\xd0\xbb\xd0\xbe\xd0\xb4\xd0\xbd\xd0\xbe \xd1\x83\xd0\xb1\xd0\xb5\xd1\x80\xd0\xb8\xd1\x82\xd0\xb5 \xd0\xb7\xd0\xb8\xd0\xbc\xd1\x83 #\xec\x84\x9c\xec\x9a\xb8 #vl #happy #noy https://t.co/7riPSU4m1C'"
957028895877836800,en,juliaaxford,"b'People want that perfect match when they themselves, are far beyond the mark \nYou can be right or you can be happy\xe2\x80\xa6 https://t.co/arby8bywcO'"
957028852672356353,ja,2ch_love_lol,b'\xe3\x81\x8a\xe5\x8f\x8b\xe9\x81\x94\xe5\xa4\xa7\xe5\x8b\x9f\xe9\x9b\x86Chu\xe3\x83\xbc\xe2\x9d\xa4\n#\xe7\x9b\xb8\xe4\xba\x92 #\xe7\x9b\xb8\xe4\xba\x92\xe3\x83\x95\xe3\x82\xa9\xe3\x83\xad\xe3\x83\xbc #follow #YOLO #ICant #love #happy #cute #me #girl #photo #beauty #style #friday #pics_jp #followme #l4l'
957028728189718528,en,YeisonFez,b'F R I D A Y \xf0\x9f\x98\x9c\xf0\x9f\x8e\x89\xf0\x9f\x8e\x89 #me #men #boy #happy #happiness #loveme #insta #igers #style #fashion #menstyle\xe2\x80\xa6 https://t.co/TqTchN22vz'
957028528087814145,en,AltWaysToHeal,"b""Is THIS Nature's Most Perfect Medicine??! \nhttps://t.co/9zzJSr2Gci \n#AltWaysToHeal  #Healthy  #Healing  #Happy  !! https://t.co/OGB10whca3"""
957028424828190720,en,RachelWeintraub,b'Two signs a #girl is #happy:  #shaving her legs &amp; getting #pedicures even though it\xe2\x80\x99s 32 degrees outside!! \xf0\x9f\x99\x8b\xf0\x9f\x8f\xbb\xe2\x80\x8d\xe2\x99\x80\xef\xb8\x8f#optimistic'
957028187443290113,en,Mu8ici8m8BGC,b'RT @moelogo: I DID ... last year we sang about a girl.. this year we are talking about being #Happy \xe2\x98\xba\xef\xb8\x8f... Have you PreOrdered it \n\nLink her\xe2\x80\xa6'
957028111648002048,en,ckan,b'#FridayFeeling Having some tea with my sister from another mother @meisyxo Talking about Asia Pacific experiences a\xe2\x80\xa6 https://t.co/BYH6zmBoZJ'
957028026142793728,und,SwanEJones7,b'#Happy #Weekend #Friends https://t.co/O6chFDImLC'
957028016475041794,und,sadiana12458,b'#happy #saruka66 #saralucia #sara #saruka #models #girl #photo https://t.co/7Lv9uW0qHl'
957027958241316864,en,malacollective,b'The thing about meditation is...you become more and more you. ~David Lynch\n\xf0\x9f\x99\x8f\n.\n.\n.\n.\n.\n#meditation #love #yoga\xe2\x80\xa6 https://t.co/NtDvuo3SmB'
957027939312222208,ja,hokudan,b'RT @aws_official: \xe3\x82\xa2\xe3\x83\x89\xe3\x83\x99\xe3\x83\xb3\xe3\x83\x81\xe3\x83\xa3\xe3\x83\xbc\xe3\x83\xaf\xe3\x83\xbc\xe3\x83\xab\xe3\x83\x89\xe3\x81\x8c\xe8\xb4\x88\xe3\x82\x8b\xe3\x83\x8f\xe3\x83\x83\xe3\x83\x94\xe3\x83\xbc\xe3\x82\xa6\xe3\x82\xa8\xe3\x83\x87\xe3\x82\xa3\xe3\x83\xb3\xe3\x82\xb0\xe2\x98\x86 \xe7\x89\xb9\xe8\xa8\xad\xe3\x82\xb5\xe3\x82\xa4\xe3\x83\x88\xe3\x81\xaf\xe3\x81\x93\xe3\x81\xa1\xe3\x82\x89\xe3\x81\x8b\xe3\x82\x89https://t.co/lcYDBDAY62\xe3\x80\x80#\xe3\x82\xa2\xe3\x83\x89\xe3\x83\x99\xe3\x83\xb3\xe3\x83\x81\xe3\x83\xa3\xe3\x83\xbc\xe3\x83\xaf\xe3\x83\xbc\xe3\x83\xab\xe3\x83\x89\xe3\x80\x80#\xe7\xb5\x90\xe5\xa9\x9a\xe5\xbc\x8f\xe3\x80\x80\xef\xbc\x83\xe3\x82\xa6\xe3\x82\xa7\xe3\x83\x87\xe3\x82\xa3\xe3\x83\xb3\xe3\x82\xb0\xe3\x80\x80\xef\xbc\x83\xe3\x83\x91\xe3\x83\xb3\xe3\x83\x80\xe3\x80\x80\xef\xbc\x83Happy https://t.co/eTIq3uvjA4'
957027902977011712,en,smile4me_diane,b'#Happy.. and #warm and #smiling .......and probably old enough to be your #mom.  #judge away https://t.co/R1Wctfy4MK'
957027817899864064,und,junkegypsy,b'\xe2\x99\xa1\xe2\x96\xaa\xe2\x98\x86\xe2\x96\xaa\xe2\x99\xa1\n#DanielleLaporte #gratitude #grateful #junkygypsylife #happy #serve #lightworker #love @\xe2\x80\xa6 https://t.co/uDOBJBbn3n'
957027790502625280,en,SahilAfzal,b'@JohnCena You\xe2\x80\x99re right John cena we love you always I\xe2\x80\x99m not a Indian I\xe2\x80\x99m a Pakistani firstly I\xe2\x80\x99m a human and I resp\xe2\x80\xa6 https://t.co/bYAESyaTQ0'
957027768373477376,en,AltWaysToHeal,b'#Meditation Made EASY!\xc2\xa0\n\nhttps://t.co/ApxECQVR04\n\n#HEALTHY IS #HAPPY!!\xc2\xa0\n\n#MeditationForHealth! #Meditating https://t.co/nIVCMjpegl'
957027627855990784,und,KidDotCo,b'#Share #Ibbleobble #Faces! #FREE #emoji #emojis #GetStuckIn \n\nhttps://t.co/mEIGP5R3YL\n\n#AppStore #Stickers #Send\xe2\x80\xa6 https://t.co/eYRgkI0iir'
957027625104498688,und,RareBwouy,b'#inshot #girls #cute #summer #blur #sun #happy #fun #dog #hair #beach #hot #cool #fashion\xe2\x80\xa6 https://t.co/vueXY2KBzs'
957027517168324608,en,moelogo,b'MOESHA CAME THRU \xf0\x9f\x98\x8d\n\nLights by Mary \nCamera by Jessica \nVoice Over by Kama \n\nPreOrder #Happy -\xe2\x80\xa6 https://t.co/UO0nn2ra2E'
957027509475962883,und,3_AgustD,b'RT @BTS_twt: #HaPpy\n#HopE_DaY\n#\xeb\xb0\x9c_\xed\x95\x98\xed\x8a\xb8 http://t.co/eEmOasN54J'
957027505336209408,en,TheRealGoldenB,b'RT @realmrmusic: Ok pause! \xe2\x9c\x8b..This #EXCLUSIVE shrimp with #lobster pasta by @JazzSoulFood will leave your tastebuds #happy &amp; your stomach #\xe2\x80\xa6'
957027454983446528,en,MartinaGalleg20,"b""I've had quite a few projects published this week! #HappyBirthdaySwag! #Happy Birthday Swag!"""
957027375941935109,en,ofchscvsd,b'RT @Jessextw: Who want dm reetweet\xf0\x9f\x98\x8d \n#boobs #fuck #adult #boob #horny #snapchat\n#cocktribute #slut #bigcock #whore\n#happy #fucking #hope #b\xe2\x80\xa6'
957027362645954566,en,seedsofmedulla,b'RT @adekunleGOLD: Watch out of this beautiful song. @MMLTPR Moelogo x AG on deh ting! #Happy https://t.co/Lr74ev4IOH'
957027263312203776,en,fairuse,"b'@sliceofscifi Watching #Happy! Episode 107. Do no try to eat popcorn and watch that episode. Choke, gah, laugh like a crazy person.'"
957027245591113728,en,DJCALICAL,b'My daughter Cali born on White Christmas Day \xe2\x80\x9cOne Month Old\xe2\x80\x9d @samyra____ #happy #onemonthold #love https://t.co/iAIqo34LZE'
957027237525622784,en,FanNataliaRuso,b'RT @missJennOnline: Thank you @ImLiveCom for NEW amazing award! #SEXIEST \xf0\x9f\x8f\x86!!! So #HAPPY to be here with you:  \xf0\x9f\x91\x89https://t.co/49y2G3Rynt #Cam\xe2\x80\xa6'
957027174057299969,en,bill_york10,b'@TheAVClub That episode was something else.  #Happy #Happy just might move Preacher out of 1st place for my favorite WTF shows.'
957027157477388288,und,MRDEVENS2U,b'#Happy'
957026934340423681,en,BryanKelternyc,"b'RT @PlayDatesParty: Read, \xf0\x9f\x93\x96 Share, and spread some #happy #happynowlinkup @QueenMomJen  https://t.co/K809H1lpha https://t.co/mvnJ7QAzPr'"
957026931995590657,en,Chinaija,b'RT @adekunleGOLD: Watch out of this beautiful song. @MMLTPR Moelogo x AG on deh ting! #Happy https://t.co/Lr74ev4IOH'
957026907949682688,en,GoodKnightMN,b'RT @youngwifendadd1: #happy #friday !!! hope all my followers are having a fantastic day!!! love you ! https://t.co/JZlRcrW6jP'
957026852677107713,en,muscles_power,b'RT @YanaNaumenko2: @Ou_Prg Good morning dear Olga. #Happy Friday. I miss summer too. Love dog too\xe2\x98\x95\xef\xb8\x8f\xe2\x98\x95\xef\xb8\x8f\xf0\x9f\x92\x9c\xf0\x9f\xa7\x9a\xe2\x80\x8d\xe2\x99\x80\xef\xb8\x8f\xf0\x9f\x98\x98\xf0\x9f\x8c\xb7\xf0\x9f\x8c\xb7\xf0\x9f\x8c\xb7\xf0\x9f\x98\x8a https://t.co/O71b8iqbjz'
957026807584354304,en,TheresaSiaw,b'RT @exclusiveprbiz: #happyfriday all! Make sure you put on your #positive pants today! #tgif #weekendvibes #inspire #happy #pr #goodvibeson\xe2\x80\xa6'
957026798033887233,en,Rockitwell1,b'#happy camper'
957026779151118336,en,Another_Slice,b'Game extravaganza is growing in the Media Room!!!\n#goodtimes #game #happy #instagood #games #gamenight #boardgames\xe2\x80\xa6 https://t.co/52KKQPQrMk'
957026774860394496,en,Directions_FSGV,b'Game extravaganza is growing in the Media Room!!!\n#goodtimes #game #happy #instagood #games #gamenight #boardgames\xe2\x80\xa6 https://t.co/FtqTnj1hj6'
957026680895283200,en,EyesOfZombie,b'RT @missJennOnline: Thank you @ImLiveCom for NEW amazing award! #SEXIEST \xf0\x9f\x8f\x86!!! So #HAPPY to be here with you:  \xf0\x9f\x91\x89https://t.co/49y2G3Rynt #Cam\xe2\x80\xa6'
957026672632528896,en,247purpose,b'Daily #BibleVerse #Wisdom #God #WordofGod #Jesus #Faith #Happy #peace #joy #abundance https://t.co/vLCQWNXyGQ'
957026662809554944,es,Undurraga_col,"b'Undurraga Brut Royal, seco, elegante, fresco y equilibrado.\n.\n.\n.\n.\n.\n#wine #sparklingwine #winetime #winetime\xe2\x80\xa6 https://t.co/yob4soVkMS'"
957026569985413121,en,aliyuusman226,"b'Great day comes from good years, why will I cry \xf0\x9f\x98\xa2 when am + 1 today. Thanks for all the wishes #charity\xe2\x80\xa6 https://t.co/yvWTePCRmj'"
957026468843974656,en,awesomebrandi,b'A little Friday afternoon play therapy \xe2\x9d\xa4\xef\xb8\x8f #finemotor #playtherapy #momlife #friyay #play #happy\xe2\x80\xa6 https://t.co/W0ZBJg275C'
957026360366542859,en,WRECKITRALPH016,b'RT @Jessextw: Who want dm reetweet\xf0\x9f\x98\x8d \n#boobs #fuck #adult #boob #horny #snapchat\n#cocktribute #slut #bigcock #whore\n#happy #fucking #hope #b\xe2\x80\xa6'
957026358160494592,en,ULTIMATEMusGr,b'S/O to the fam @breakoutkingsradio for spinning Trilla  record \xe2\x80\x9cWitchu\xe2\x80\x9d ft Kiah \xf0\x9f\x92\xaf\xf0\x9f\x94\xa5 \n\n#music #life #happy #lovesong\xe2\x80\xa6 https://t.co/RcII9PAmHM'
957026308118274048,en,kcsquaw,"b'@ellentube #Happy Birthday Ellen! Your beautiful at 60, I am going to be 64 this year and I wish I looked as good a\xe2\x80\xa6 https://t.co/L4xRtixyaa'"
957026298068717568,en,joer_ell,b'RT @adekunleGOLD: Watch out of this beautiful song. @MMLTPR Moelogo x AG on deh ting! #Happy https://t.co/Lr74ev4IOH'
957026262580686848,en,LifeShopHub,b'Isn`t it awesome?\n\n#asana #happy https://t.co/XB8xeAOMNa'
957026218452320256,fr,DEVILZSM,b'Ton 10\xc3\xa8me emoji est ta r\xc3\xa8action tag tes potes...\xf0\x9f\x98\x8d\xf0\x9f\x98\x82\xe2\x9d\xa4 pour plus de photos / videos follow\n#quoteoftheday #lol #haha\xe2\x80\xa6 https://t.co/byvuyXteLE'
957026210063663104,und,SwanEJones7,b'#Happy #Weekend #Friends https://t.co/83EzLYoyMa'
957026156913549312,es,AndresCubillosE,b'As\xc3\xad me celebraron los 33!!! #cartagena #colombia #boy #style #happy #hbd #cumplea\xc3\xb1os #33 #1985\xe2\x80\xa6 https://t.co/EeYTh39K9h'
957026120658014208,en,Tgirlseeker,b'RT @Dominantpink1: Stay #limp stay #happy https://t.co/I5eVToGOzb'
957026098373685248,en,moelogo,b'I DID ... last year we sang about a girl.. this year we are talking about being #Happy \xe2\x98\xba\xef\xb8\x8f... Have you PreOrdered it\xe2\x80\xa6 https://t.co/2fRo4RsEaS'
957026078345908224,und,AlexDanwhite,b'RT @c3ciliya: #Art \n#Love \n#Happy\n#PhotoArt \n#HappyDay \n#StarvingForBeauty  \n\xe2\x99\xa0\xf0\x9f\x8c\xb9\xe2\x99\xa0\xf0\x9f\x8c\xb9\xe2\x99\xa0\xf0\x9f\x8c\xb9\xe2\x99\xa0 \n#Friends \xe2\x98\x80\xe2\x98\x95\xf0\x9f\x8e\xb6\xf0\x9f\x90\xa6\xf0\x9f\x8d\x83 \n\xf0\x9f\x8d\x81\xf0\x9f\x8c\xbf\xf0\x9f\x8d\x82\xf0\x9f\x8d\x83\xf0\x9f\x8d\x81\xf0\x9f\x8c\xbf\xf0\x9f\x8d\x82\xf0\x9f\x8d\x83       \n\n#Portrait \n\n\xe2\x99\xa0\xef\xb8\x8f\xf0\x9f\x8c\xb9\xe2\x99\xa0\xef\xb8\x8f\xf0\x9f\x8c\xb9\xe2\x99\xa0\xe2\x80\xa6'
957026077121155073,en,Kidlutions,"b'Grow a #happy #family with #bloomparenting. It changes EVERYTHING! Helps in #classrooms, too!\xe2\x80\xa6 https://t.co/MwC2MQJSaE'"
957025922430857216,en,cmillersocal1,b'#Happy Birthday Ellen.'
957025901572771841,en,bhoy_joey,b'RT @liveyourdreamx: Two pbs today with        @pixielaurac #inthezone #proud #teamwork #happy #britishBronzemedallists \xf0\x9f\xa5\x89\xf0\x9f\x9a\xb4\xe2\x80\x8d\xe2\x99\x80\xef\xb8\x8f\xf0\x9f\x9a\xb4\xe2\x80\x8d\xe2\x99\x80\xef\xb8\x8f https://t.\xe2\x80\xa6'
957025832345640960,en,ricabaterzal121,b'RT @redhearts07_: Speechless until now \xf0\x9f\x98\xad\xf0\x9f\x98\xad\xf0\x9f\x98\x8d\xf0\x9f\x98\x8d\xe2\x9d\xa4 Thankyou guys so much! \xf0\x9f\x98\xad\xe2\x9d\xa4\xe2\x9d\xa4\xe2\x9d\xa4 I Love you all \xf0\x9f\x98\x98\xf0\x9f\x92\x93\xf0\x9f\xa4\x97\n\n#Happy \xf0\x9f\x98\x8d #Blessed \xf0\x9f\x98\x87 #Contented \xe2\x9d\xa4 \xe2\x80\x94 feeling tha\xe2\x80\xa6'
957025784601960448,en,froppomusic,"b""Who's #happy it's #Friday? Froppo is! Hoping to spend some quality time with my music this\xe2\x80\xa6 https://t.co/7zGEqdWDFV"""
957025742608617472,en,SDSdrinks,"b""Most people have aleady booked there holiday for 2018 already #holidays #2018 here's a cheeky pic of @SDSdrinks fun\xe2\x80\xa6 https://t.co/m4b9WghLFj"""
957025669581426689,ja,shitsuketakuone,b'\xe3\x81\x8a\xe3\x81\xaf\xe3\x82\x88\xe3\x81\x86\xe3\x81\x94\xe3\x81\x96\xe3\x81\x84\xe3\x81\xbe\xe3\x81\x99\xe3\x80\x82 \xe2\x98\x86\xe6\x9c\xac\xe6\x97\xa5\xe3\x82\x82\xe7\x9a\x86\xe3\x81\x95\xe3\x82\x93\xe3\x81\xa8\xe6\x84\x9b\xe7\x8a\xac\xe3\x81\xab\xe3\x81\xa8\xe3\x81\xa3\xe3\x81\xa6\xe8\x89\xaf\xe3\x81\x841\xe6\x97\xa5\xe3\x81\xab\xe3\x81\xaa\xe3\x82\x8a\xe3\x81\xbe\xe3\x81\x99\xe3\x82\x88\xe3\x81\x86\xe3\x81\xab\xe2\x98\x86 https://t.co/9zdciqQQkJ \xef\xbc\x83dog \xef\xbc\x83trainer \xef\xbc\x83\xe7\x8a\xac \xef\xbc\x83\xe3\x81\x97\xe3\x81\xa4\xe3\x81\x91 \xef\xbc\x83\xe3\x83\x89\xe3\x83\x83\xe3\x82\xb0\xe3\x83\x88\xe3\x83\xac\xe3\x83\xbc\xe3\x83\x8a\xe3\x83\xbc\xe3\x80\x80\xef\xbc\x83\xe7\xa4\xbe\xe4\xbc\x9a\xe5\x8c\x96\xe3\x80\x80\xef\xbc\x83\xe3\x81\x9f\xe3\x81\x8f\xe3\x82\x8f\xe3\x82\x93\xe3\x80\x80\xef\xbc\x83\xef\xbc\xa8\xef\xbc\xa1\xef\xbc\xb0\xef\xbc\xb0\xef\xbc\xb9'
957025660194598912,und,DiegoNo16,b'#GOODDAY #goodvibes #happy #Sad #smile https://t.co/NzBFxiiOkK'
957025659880079360,en,DatingINV,b'Once you learn how to be happy... you will not tolerate being around anything that takes that away! #Happy #Peaceful #BeHappy'
957025656851914752,en,batvja,b'Join us for #ChillSpot at 8:00pm tonight on #BATV \n#SeriousAboutBusiness #Chilling #Road #RoadTrip #Travel #Jamaica\xe2\x80\xa6 https://t.co/YUlfGNOn6B'
957025652984688640,en,THESensualhorny,b'RT @missJennOnline: Thank you @ImLiveCom for NEW amazing award! #SEXIEST \xf0\x9f\x8f\x86!!! So #HAPPY to be here with you:  \xf0\x9f\x91\x89https://t.co/49y2G3Rynt #Cam\xe2\x80\xa6'
957025551054761984,en,AntoniaPGordon,b'FREE ART-E-CARD SERVICE https://t.co/XZq6Bt2gbe #antoniapiagordon #freeecards #ecards #quotes #bestquotes #happy\xe2\x80\xa6 https://t.co/WP4hFKNTuV'
957025519882686464,en,GrayhawkBeerCo,b'Did you know that we have Happy hour EVERY day from 4pm-7pm? #happyhour #happy #hour #today #everyday #everyweek\xe2\x80\xa6 https://t.co/iMYxMxYH9m'
957025501947879425,tr,Tnilayb,b'Ne yazsam \xf0\x9f\xa4\xb7\xf0\x9f\x8f\xbb\xe2\x80\x8d\xe2\x99\x80\xef\xb8\x8f\n-\n-\n-\niphone_xnew #iphone #autumn #winter #smile #girl #happy #happyday #me #my\xe2\x80\xa6 https://t.co/vGbC0ZeAhB'
957025498554609664,en,teresa_devine,b'I Spent 15 Years Studying Why People Hate Their #Jobs. This Is the Top Reason Why https://t.co/LU33fPUJRg\xe2\x80\xa6 https://t.co/vjt1gyhYXh'
957025486923853824,en,Parianandsons,b'@Parianandsons\n\nhttps://t.co/gu6BVLRCaE\n/Parianandsons\n\n#NewCollection #Parianandsons #Diamonds #FranklinLakes #201\xe2\x80\xa6 https://t.co/rwvSGfkaCE'
957025440379686914,en,joleonbusby,b'RT @adekunleGOLD: Watch out of this beautiful song. @MMLTPR Moelogo x AG on deh ting! #Happy https://t.co/Lr74ev4IOH'
957025410251935745,en,Clarebear26,b'RT @2ndGP: So happy we have been excepted to participate in @JPFoundation #excited #happy #cantwait \xf0\x9f\x98\x80\xf0\x9f\x98\x80\xf0\x9f\x91\x8d\xf0\x9f\x8f\xbc\xf0\x9f\x91\x8d\xf0\x9f\x8f\xbc'
957025407051714561,en,TiTANPlatformUS,"b""Don't think we forgot about our TiTAN Core5 giveaway!! The lucky winner will be announced on Tuesday, Jan 30. Stay\xe2\x80\xa6 https://t.co/wBW8j05nfK"""
957025380543627265,en,WhiteGirlrdtrip,"b""I DON'T WANT TO WEAR SLEEVES https://t.co/FObNT5MHpv\n\n#goals #happy #lessons #rant #FridayFeeling #FridayNight\xe2\x80\xa6 https://t.co/k3WRgRqDew"""
957025336021184516,fr,fdurandmoulin,b'RT @RUIZRODRIGUEZ_i: @fdurandmoulin Merci \xc3\xa0 tous #ZBY @point_dominique  @fdurandmoulin #LQVTchezOnsite #Birthday #happy\xf0\x9f\x8e\x82\xf0\x9f\x8e\x81\xf0\x9f\x8d\xb8\xf0\x9f\x92\x90 https://t.co/rB\xe2\x80\xa6'
957025311480262656,en,ComLeonie,b'RT @StraysSarajevo: #AdoptDontShop #HAPPY update \xf0\x9f\x98\x80 our PABLO and LILLY (were BONUS &amp; KIM) real happy to be reunited \xf0\x9f\x90\xb6\xf0\x9f\x98\x8d but happier still to\xe2\x80\xa6'
957025085843533824,en,Alisonmarch6,b'RT @Alisonmarch6: Very happy\xf0\x9f\xa4\xa3\xf0\x9f\xa4\xa6\xf0\x9f\x8f\xbe\xe2\x80\x8d\xe2\x99\x80\xef\xb8\x8f\n#Me #Happy https://t.co/9Uvyc8n32t'
957025017396711429,und,monicasloves,b'RT @c3ciliya: #Art \n#Love \n#Happy\n#PhotoArt \n#HappyDay \n#StarvingForBeauty  \n\xe2\x99\xa0\xf0\x9f\x8c\xb9\xe2\x99\xa0\xf0\x9f\x8c\xb9\xe2\x99\xa0\xf0\x9f\x8c\xb9\xe2\x99\xa0 \n#Friends \xe2\x98\x80\xe2\x98\x95\xf0\x9f\x8e\xb6\xf0\x9f\x90\xa6\xf0\x9f\x8d\x83 \n\xf0\x9f\x8d\x81\xf0\x9f\x8c\xbf\xf0\x9f\x8d\x82\xf0\x9f\x8d\x83\xf0\x9f\x8d\x81\xf0\x9f\x8c\xbf\xf0\x9f\x8d\x82\xf0\x9f\x8d\x83       \n\n#Portrait \n\n\xe2\x99\xa0\xef\xb8\x8f\xf0\x9f\x8c\xb9\xe2\x99\xa0\xef\xb8\x8f\xf0\x9f\x8c\xb9\xe2\x99\xa0\xe2\x80\xa6'
957024991953879040,en,seshajensen,b'#Aloha #January! #Happy to be #alive and #living with my #beautiful #family! https://t.co/T5qFYWSjdY'
957024975579426816,en,AllKindsOfWomen,b'RT @missJennOnline: Thank you @ImLiveCom for NEW amazing award! #SEXIEST \xf0\x9f\x8f\x86!!! So #HAPPY to be here with you:  \xf0\x9f\x91\x89https://t.co/49y2G3Rynt #Cam\xe2\x80\xa6'
957024904011972609,en,robgroves,b'RT @TheTrudyLite: Happy #Friday Boys and Girls :) #KeepItLite ;) \xe2\x9d\xa4\xef\xb8\x8f Bee-ing #Happy \xe2\x9d\xa4\xef\xb8\x8f #FridayFeeling #FridayMotivation #TGIF #FriYay #Frida\xe2\x80\xa6'
957024880213536768,en,robgroves,b'RT @TheTrudyLite: Happy #Friday Boys and Girls :) #KeepItLite ;) \xe2\x9d\xa4\xef\xb8\x8f How to Be #Happy \xe2\x9d\xa4\xef\xb8\x8f #FridayFeeling #FridayMotivation #TGIF #FriYay #Fri\xe2\x80\xa6'
957024866082881536,en,PlayDatesParty,"b'Read, \xf0\x9f\x93\x96 Share, and spread some #happy #happynowlinkup @QueenMomJen  https://t.co/K809H1lpha https://t.co/mvnJ7QAzPr'"
957024865156063233,en,goldjewelryset,b'Like and Share if you want this  Anti Allergy 3 Rounds Cubic Zirconia Paved Engagem ... #jewels #happy #design'
957024800475701248,en,francescaolada1,b'Happy Birthday Ellen\xf0\x9f\x92\xaf\xf0\x9f\x8e\x82@TheEllenShow #birthday it\xe2\x80\x99s my birthday too and I wish that yours will also be happy and fil\xe2\x80\xa6 https://t.co/IOgqP4tWEQ'
957024659677073408,en,Quinn2x__,b'RT @TYCASHH: Life only comes around once so do whatever makes you #happy'
957024535617900545,en,RoseCityTowing,b'I was so #happy to be able to #transport this #beautiful #1953 #chevy \xf0\x9f\x98\x8d\xf0\x9f\x98\x8d #gorgeous #lowrider\xe2\x80\xa6 https://t.co/y4RhPh6ZYM'
957024394693500931,es,doloresmoranmar,b'RT @MARIENOBREGON1: \xe2\x80\x9cUna sonrisa es una l\xc3\xadnea curva que lo endereza todo\xe2\x80\x9d SAN VIERNES \xe2\x98\xba\xef\xb8\x8f \n\n#viernes #smile #happy\xe2\x80\xa6 https://t.co/CxzuAuWgg3'
957024337311162368,en,Jaknez,b'RT @missJennOnline: Thank you @ImLiveCom for NEW amazing award! #SEXIEST \xf0\x9f\x8f\x86!!! So #HAPPY to be here with you:  \xf0\x9f\x91\x89https://t.co/49y2G3Rynt #Cam\xe2\x80\xa6'
957024123011715072,en,CoachingEq,b'18 Things to STOP doing next year if you want to be #happy. https://t.co/pY6iOG8JA9'
957023894380130305,en,BreastfriendsN,b'RT @Lorraine1984198: Proud of Team Lewis - @ItsCharacter @Jodubes making people #happy with #gifts during #cancer treatment for @uk_tlf htt\xe2\x80\xa6'
957023829531996165,en,openomroep,b'#happy Happy Ending for Bombardier - Cato Institute (blog): Happy Ending for Bombardier\xe2\x80\xa6 https://t.co/usuMD47okh'
957023808350838785,und,lic_villaquin,b'#Happy #weekend #FamilyFirst https://t.co/M2BMh6MBsi'
957023734845583361,en,KrisKuda,b'@IAMANITABAKER #Happy Birthday to the woman who #inspired a young teen to rock #shorthair and is still rocking it t\xe2\x80\xa6 https://t.co/WTGr4qa6qN'
957023722120056838,en,openomroep,b'#happy Happy Ending for Bombardier - Cato Institute (blog): Happy Ending for Bombardier\xe2\x80\xa6 https://t.co/P1a50lAOTx'
957023720811483136,en,openomroep,b'#happy Celebrities wish Ellen DeGeneres a happy 60th birthday - SFGate: SFGate Celebrities\xe2\x80\xa6 https://t.co/J0WfPFX2ha'
957023719137869826,en,openomroep,b'#happy Happy Valley mayor attends meeting with Trump - Portland Tribune: Portland Tribune\xe2\x80\xa6 https://t.co/xoJSlbAjtS'
957023648115843073,en,CRUKKelso,"b'Its certainly a  #FeelGoodFriday  today in #Kelso. Children excited for our latest toys and games, they are selling\xe2\x80\xa6 https://t.co/7igAuSg8EB'"
957023585570304000,und,RicaPinon,b'#sextas #happy #morri #hashmeucaceta #tolendomuito'
957023570680524800,en,jenryancorkran,b'See you in the AM!\nSaturday 9am Mixx!!\n#mixx #healthy #happy #endorphins #workout #worthit\xe2\x80\xa6 https://t.co/j9kYZrC181'
957023565886492674,und,lauleetee,b'#NewProfilePic  #ShowNight #Happy \xf0\x9f\x96\xa4\xf0\x9f\x92\x83\xf0\x9f\x8f\xbd https://t.co/nJGGiV9imo'
957023426132238336,en,aedrjmns,b'Life\xe2\x80\x99s little hidden moments -Limichilwe #Life #Distractions #Happy #Attention #Moments https://t.co/yT3B29RZIa'
957023421652758528,en,DanyGalindo18,b'RT @missJennOnline: Thank you @ImLiveCom for NEW amazing award! #SEXIEST \xf0\x9f\x8f\x86!!! So #HAPPY to be here with you:  \xf0\x9f\x91\x89https://t.co/49y2G3Rynt #Cam\xe2\x80\xa6'
957023374684966914,en,AnnMcNiel1,b'#EllenBirthdaySwag #happy birthday Ellen\xf0\x9f\x8e\x81\xf0\x9f\x8e\x81\xf0\x9f\x8e\x81\xf0\x9f\x8e\x89\xf0\x9f\x8e\x89\xf0\x9f\x8e\x82\xf0\x9f\x8e\x82'
957022881765998593,und,tarekbahaa1,b'RT @c3ciliya: #Art \n#Love \n#Happy\n#PhotoArt \n#HappyDay \n#StarvingForBeauty  \n\xe2\x99\xa0\xf0\x9f\x8c\xb9\xe2\x99\xa0\xf0\x9f\x8c\xb9\xe2\x99\xa0\xf0\x9f\x8c\xb9\xe2\x99\xa0 \n#Friends \xe2\x98\x80\xe2\x98\x95\xf0\x9f\x8e\xb6\xf0\x9f\x90\xa6\xf0\x9f\x8d\x83 \n\xf0\x9f\x8d\x81\xf0\x9f\x8c\xbf\xf0\x9f\x8d\x82\xf0\x9f\x8d\x83\xf0\x9f\x8d\x81\xf0\x9f\x8c\xbf\xf0\x9f\x8d\x82\xf0\x9f\x8d\x83       \n\n#Portrait \n\n\xe2\x99\xa0\xef\xb8\x8f\xf0\x9f\x8c\xb9\xe2\x99\xa0\xef\xb8\x8f\xf0\x9f\x8c\xb9\xe2\x99\xa0\xe2\x80\xa6'
957022840573906949,en,markgrowth,b'Life\xe2\x80\x99s little hidden moments -@Limichilwe #Life #Distractions #Happy #Attention #Moments https://t.co/hD4Qh4e0GS'
957022804762906625,en,LolaJay33,"b'Get #happy with Saturday morning Zumba! \xf0\x9f\x98\x8d\xf0\x9f\x98\x81 Zumba 10-11am, Zumba Gold (week 4 of the session)\xe2\x80\xa6 https://t.co/Fs5DOajjjF'"
957022739994480641,en,Voteenage,b'RT @adekunleGOLD: Watch out of this beautiful song. @MMLTPR Moelogo x AG on deh ting! #Happy https://t.co/Lr74ev4IOH'
957022739084251138,en,OgaBossLady,b'RT @adekunleGOLD: Watch out of this beautiful song. @MMLTPR Moelogo x AG on deh ting! #Happy https://t.co/Lr74ev4IOH'
957022739033935873,en,KuitiKuiti,b'RT @adekunleGOLD: Watch out of this beautiful song. @MMLTPR Moelogo x AG on deh ting! #Happy https://t.co/Lr74ev4IOH'
957022739029774336,en,ProfOlodo,b'RT @adekunleGOLD: Watch out of this beautiful song. @MMLTPR Moelogo x AG on deh ting! #Happy https://t.co/Lr74ev4IOH'
957022739029639168,en,owenobody,b'RT @adekunleGOLD: Watch out of this beautiful song. @MMLTPR Moelogo x AG on deh ting! #Happy https://t.co/Lr74ev4IOH'
957022738908106753,en,ubokedem,b'RT @adekunleGOLD: Watch out of this beautiful song. @MMLTPR Moelogo x AG on deh ting! #Happy https://t.co/Lr74ev4IOH'
957022738891329543,en,SolitaryUnit,b'RT @adekunleGOLD: Watch out of this beautiful song. @MMLTPR Moelogo x AG on deh ting! #Happy https://t.co/Lr74ev4IOH'
957022738870390784,en,Mena_Obaro,b'RT @adekunleGOLD: Watch out of this beautiful song. @MMLTPR Moelogo x AG on deh ting! #Happy https://t.co/Lr74ev4IOH'
957022738828398593,en,HIT_TRACK,b'RT @adekunleGOLD: Watch out of this beautiful song. @MMLTPR Moelogo x AG on deh ting! #Happy https://t.co/Lr74ev4IOH'
957022738811621378,en,IKOTakpanABIA,b'RT @adekunleGOLD: Watch out of this beautiful song. @MMLTPR Moelogo x AG on deh ting! #Happy https://t.co/Lr74ev4IOH'
957022738803281920,en,NKA_IFERI,b'RT @adekunleGOLD: Watch out of this beautiful song. @MMLTPR Moelogo x AG on deh ting! #Happy https://t.co/Lr74ev4IOH'
957022738790649856,en,Boogatty,b'RT @adekunleGOLD: Watch out of this beautiful song. @MMLTPR Moelogo x AG on deh ting! #Happy https://t.co/Lr74ev4IOH'
957022738782326790,en,Flexellency,b'RT @adekunleGOLD: Watch out of this beautiful song. @MMLTPR Moelogo x AG on deh ting! #Happy https://t.co/Lr74ev4IOH'
957022738765484033,en,AKPAN_NDAH,b'RT @adekunleGOLD: Watch out of this beautiful song. @MMLTPR Moelogo x AG on deh ting! #Happy https://t.co/Lr74ev4IOH'
957022738723504128,en,DumorJaja,b'RT @adekunleGOLD: Watch out of this beautiful song. @MMLTPR Moelogo x AG on deh ting! #Happy https://t.co/Lr74ev4IOH'
957022738652319746,en,TonyEminue,b'RT @adekunleGOLD: Watch out of this beautiful song. @MMLTPR Moelogo x AG on deh ting! #Happy https://t.co/Lr74ev4IOH'
957022569034592259,und,sister_suitcase,b'#Coventry #backstreets #fridayfeeling #flaneuring #happy https://t.co/RTlAGm6e37'
957022566526398464,en,SDSdrinks,"b""Most people have aleady booked there holiday for 2018 already #holidays #2018 here's a cheeky pic of @SDSdrinks fun\xe2\x80\xa6 https://t.co/5P5PPcLT02"""
957022540680982528,en,Mistie_Heart,b'RT @missJennOnline: Thank you @ImLiveCom for NEW amazing award! #SEXIEST \xf0\x9f\x8f\x86!!! So #HAPPY to be here with you:  \xf0\x9f\x91\x89https://t.co/49y2G3Rynt #Cam\xe2\x80\xa6'
957022515016224768,und,Gregdec14,b'##familylove #famfirst #thehappynow #cute #happy #kids #love #life #photooftheday #swag #fashion\xe2\x80\xa6 https://t.co/5V6TPskCub'
957022504937312256,fr,philespagne,b'#viernes #noche de #relax con #merienda de #medianoche \n\n#colacao #cookies #happy en Philip LR\xe2\x80\xa6 https://t.co/6qE48XnpTs'
957022312087326721,en,RoseBoviman,b'RT @TheTrudyLite: Happy #Friday Boys and Girls :) #KeepItLite ;) \xe2\x9d\xa4\xef\xb8\x8f Bee-ing #Happy \xe2\x9d\xa4\xef\xb8\x8f #FridayFeeling #FridayMotivation #TGIF #FriYay #Frida\xe2\x80\xa6'
957022288636973056,en,RoseBoviman,b'RT @TheTrudyLite: Happy #Friday Boys and Girls :) #KeepItLite ;) \xe2\x9d\xa4\xef\xb8\x8f How to Be #Happy \xe2\x9d\xa4\xef\xb8\x8f #FridayFeeling #FridayMotivation #TGIF #FriYay #Fri\xe2\x80\xa6'
957022232588546048,es,Elimol80,b'Con \xc3\x89l\xf0\x9f\x92\x9f\xf0\x9f\x98\x8d#kids #kid #instakid #child #children #childrenphoto #love #cute #adorable #instagood #young #sweet #pretty\xe2\x80\xa6 https://t.co/LMkUgAr3hi'
957022110513164291,en,Gm7bassman,b'RT @jacklstroem: You can now see my new music video for the single Inside on youtube!! \nDo not miss this!!!\n#musicvideo #awesome #happy #dr\xe2\x80\xa6'
957022106314780672,en,Martha55ATM,b'RT @adekunleGOLD: Watch out of this beautiful song. @MMLTPR Moelogo x AG on deh ting! #Happy https://t.co/Lr74ev4IOH'
957022060403937281,es,JonaCrespoTNP,b'RT @RominaMerletti: Teamo lindo\xf0\x9f\x98\x8d Siempre juntos\xf0\x9f\x90\xbc\n\n#me #boyfriend #party #cousin #birthday #saturdaynight #happy\xe2\x80\xa6 https://t.co/dU066yu6rq'
957021999221690369,en,queenvictoryy,b'RT @adekunleGOLD: Watch out of this beautiful song. @MMLTPR Moelogo x AG on deh ting! #Happy https://t.co/Lr74ev4IOH'
957021911715930112,und,YusufiyaTweets,b'#HAPPY'
957021909413228544,en,TheBabyTerra,"b'Great, huh?\n\nWelcome to https://t.co/JzgZRgMIJZ\n\n#family #balloons #happy https://t.co/lxpv5gwLjL'"
957021904967172096,ja,AsukaHana122,b'RT @UM511x: yasu\xe6\xa7\x98Happy Birthday\xe2\x9d\xa4\xef\xb8\x8f\n\n\xe5\x90\x8c\xe3\x81\x98\xe8\xaa\x95\xe7\x94\x9f\xe6\x97\xa5\xe3\x81\xa0\xe3\x81\x91\xe3\x81\xa9yasu\xe6\xa7\x98\xe3\x81\xae\xe6\x96\xb9\xe3\x81\x8c\xe5\xa4\xa7\xe5\x88\x87\xe2\x9d\xa4\xef\xb8\x8f\n\xe6\x97\xa9\xe3\x81\x8f\xe5\x85\x83\xe6\xb0\x97\xe3\x81\xab\xe3\x81\xaa\xe3\x81\xa3\xe3\x81\xa6\xe3\x81\x8f\xe3\x81\xa0\xe3\x81\x95\xe3\x81\x84\xf0\x9f\x98\xad\n#yasu\n#yasu\xe5\xa5\xbd\xe3\x81\x8d\xe3\x81\xab\xe6\x82\xaa\xe3\x81\x84\xe4\xba\xba\xe3\x81\xaf\xe5\xb1\x85\xe3\x81\xaa\xe3\x81\x84 \n#Happy Birthday\n#AcidBlackCherry \n#ABC https:/\xe2\x80\xa6'
957021880917090304,en,AmyVinyard1,b'Life is short... make each hair flip fabulous...\xf0\x9f\x92\x81\xf0\x9f\x8f\xbb\n.\n.\n.\n#blogger #styleblogger #hair #happy #fabulous #hairflip\xe2\x80\xa6 https://t.co/f1MLCH44A6'
957021827766849536,en,DEVILZSM,b'PEOPLE NEED TO KEEP MY NAME OUT THEY\xe2\x80\x99RE MOUTH \xf0\x9f\x98\xa1TAG 4 PPL FOR A SPAM #comedy\n#lmao #troll #cool #humour #happy\xe2\x80\xa6 https://t.co/cS5A3Oq6fB'
957021808355459073,ja,FrameConcierge,b'\xe3\x81\x8a\xe3\x81\xaf\xe3\x82\x88\xe3\x81\x86\xe3\x81\x94\xe3\x81\x96\xe3\x81\x84\xe3\x81\xbe\xe3\x81\x99\xe3\x80\x82\xe4\xb8\x80\xe6\x97\xa5\xe3\x82\xb9\xe3\x82\xbf\xe3\x83\xbc\xe3\x83\x88\xe3\x81\xa7\xe3\x81\x99\xe3\x81\xad\xe3\x80\x82\xe4\xbb\x8a\xe6\x97\xa5\xe3\x81\x93\xe3\x81\xae\xe4\xb8\x80\xe6\x97\xa5\xe3\x82\x82\xe3\x82\xa8\xe3\x83\xb3\xe3\x82\xb8\xe3\x83\xa7\xe3\x82\xa4\xe3\x81\x97\xe3\x81\xa6\xe7\xb4\xa0\xe6\x95\xb5\xe3\x81\xaa\xe4\xb8\x80\xe6\x97\xa5\xe3\x81\xab\xe3\x81\xaa\xe3\x82\x8a\xe3\x81\xbe\xe3\x81\x99\xe3\x82\x88\xe3\x81\x86\xe3\x81\xab\xe3\x80\x82\xe3\x80\x80FrameConcierge\xe3\x81\xaf\xe7\x9a\x86\xe6\xa7\x98\xe3\x81\xae\xe6\x80\x9d\xe3\x81\x84\xe5\x87\xba\xe3\x82\x92\xe9\xa3\xbe\xe3\x82\x8b\xe3\x81\x8a\xe6\x89\x8b\xe4\xbc\x9d\xe3\x81\x84\xe3\x82\x92\xe3\x81\x97\xe3\x81\xa6\xe3\x81\x84\xe3\x81\xbe\xe3\x81\x99\xe3\x80\x82 #enjoy #happy #memory'
957021767981256704,pt,Spencerjames211,b'RT @ariannaaarenz: Seu sorriso tem muito poder menina!\nVc n\xc3\xa3o faz id\xc3\xa9ia do quanto! \xe2\x9d\xa4\n\xe2\x80\xa2\n#smilemore #smile\xe2\x98\xba #happy\xe2\x80\xa6 https://t.co/ldQOfrIcQv'
957021716273868808,en,Thatdammygirl,b'RT @adekunleGOLD: Watch out of this beautiful song. @MMLTPR Moelogo x AG on deh ting! #Happy https://t.co/Lr74ev4IOH'
957021699446276097,en,barbieboy201,b'RT @livezlife: Find in YOU what makes you #happy and proud of you'
957021680777474048,en,dvmilolvbeatz,b'RT @adekunleGOLD: Watch out of this beautiful song. @MMLTPR Moelogo x AG on deh ting! #Happy https://t.co/Lr74ev4IOH'
957021676083937280,en,AmyVinyard1,b'Life is short... make each hair flip fabulous...\xf0\x9f\x92\x81\xf0\x9f\x8f\xbb\n.\n.\n.\n#blogger #styleblogger #hair #happy\xe2\x80\xa6 https://t.co/tCmMvpENoD'
957021668257312768,en,WBLJeweler,b'We are always #happy to read #reviews from #satisfied customers! https://t.co/0gOOyhl1PZ'
957021658270846976,en,thepamilerin,b'RT @adekunleGOLD: Watch out of this beautiful song. @MMLTPR Moelogo x AG on deh ting! #Happy https://t.co/Lr74ev4IOH'
957021612452261888,en,adekunleGOLD,b'Watch out of this beautiful song. @MMLTPR Moelogo x AG on deh ting! #Happy https://t.co/Lr74ev4IOH'
957021585864642561,en,MissTaylorBBW,b'RT @missJennOnline: Thank you @ImLiveCom for NEW amazing award! #SEXIEST \xf0\x9f\x8f\x86!!! So #HAPPY to be here with you:  \xf0\x9f\x91\x89https://t.co/49y2G3Rynt #Cam\xe2\x80\xa6'
957021471364100096,und,vickystarly,b'#sebuahbayangan #klise\n.\n.\n.\n#shadow #reflections #happy #beach #sand #instasand #instashadows\xe2\x80\xa6 https://t.co/wg3jlR746U'
957021465609728000,en,fairuse,b'Blue unicorn with pink hooves. @syfy  #Happy!'
957021291499937799,en,BenOla99,b'I just #love the #song #nowords #lipsyncbattle #lipsync #instagood #instadaily #happy #tgif https://t.co/xW6yMFwwNi'
957021267571462156,en,libbiesummers,b'To gnome is to love me. .\n.\n.\n#mushroom #gnomes #afoodinspiredlife #happy #pinkgnome @ Red\xe2\x80\xa6 https://t.co/yQXbsFX5yj'
957021224642625537,en,BbwHeathens,b'RT @missJennOnline: Thank you @ImLiveCom for NEW amazing award! #SEXIEST \xf0\x9f\x8f\x86!!! So #HAPPY to be here with you:  \xf0\x9f\x91\x89https://t.co/49y2G3Rynt #Cam\xe2\x80\xa6'
957021032296206339,und,RareBwouy,b'#inshot #girls #cute #summer #blur #sun #happy #fun #dog #hair #beach #hot #cool #fashion\xe2\x80\xa6 https://t.co/tFEqFUUveq'
957020962611957760,en,camdollsxxx,b'RT @missJennOnline: Thank you @ImLiveCom for NEW amazing award! #SEXIEST \xf0\x9f\x8f\x86!!! So #HAPPY to be here with you:  \xf0\x9f\x91\x89https://t.co/49y2G3Rynt #Cam\xe2\x80\xa6'
957020945608335360,en,SimSima_81,b'RT @SimSima_81: Found the @grazedotcom out and  about in @Liverpool_ONE the Protein Bites are unreal #happy https://t.co/sOZiCZ99fO'
957020937412534272,en,DutchTestLab,"b'Missed our organic acid webinar or want to watch it again? Its available on our website! Follow the link,\xe2\x80\xa6 https://t.co/ML516dV0GS'"
957020874166677504,en,Oxanachan,b'RT @StraysSarajevo: #AdoptDontShop #HAPPY update \xf0\x9f\x98\x8d our beautiful tornjak girl ANYA \xf0\x9f\x90\xb6 lets her \xe2\x80\x9cbig sis\xe2\x80\x9d \xf0\x9f\x99\x88 BONNIE win at games just cause th\xe2\x80\xa6'
957020851328749569,en,BarryBReynolds,"b'#happy hour, indeed.... https://t.co/HXjRuH176C'"
957020819233808385,und,RareBwouy,b'#inshot #girls #cute #summer #blur #sun #happy #fun #dog #hair #beach #hot #cool #fashion\xe2\x80\xa6 https://t.co/NAGOzQOp1l'
957020776162578433,en,melanie_____s,b'Best buddies \xf0\x9f\x92\x99\xf0\x9f\x92\x99\xf0\x9f\x8d\x83\xf0\x9f\x8c\xb3\xe2\x98\x80\xef\xb8\x8f #friday #fun #birthday #celebrating #nature #walk #dog #walking #so #happy\xe2\x80\xa6 https://t.co/Htj25M26dF'
957020764166873088,en,LBoucherAuthor,b'#happy evening! #FridayKiss #FridayNightFeast #FridayBriefing https://t.co/y5an38GHp2'
957020727407972352,en,RavMarie16,b'Summer Vibes \xf0\x9f\x8d\x8a\xf0\x9f\x8c\x9e #heat #summer #hot #onpoint #cool #orange #fitmom #happy #love #beachlife @\xe2\x80\xa6 https://t.co/3Wqc2pvMQ6'
957020668163510273,en,TCETexans,b'RT @parkertce: Nothing beats a lunch bunch with all boys. #happy Friday #tcetexans  #tce2nd https://t.co/AxpdwgG8OS'
957020546696441856,und,RareBwouy,b'#inshot #girls #cute #summer #blur #sun #happy #fun #dog #hair #beach #hot #cool #fashion\xe2\x80\xa6 https://t.co/Ap19sLIAJt'
957020465733734402,en,MaxxOrthopedics,b'The Freedom to Pursue Life! #freedomknee #pursuelife #pursue #happiness #happy #restore #mobility #innovation\xe2\x80\xa6 https://t.co/IdzNH6lBqk'
957020451280183296,fr,liabracadabra,"b""Pour moi le bonheur... c'est d'abord d'\xc3\xaatre bien. \xf0\x9f\x98\x84\n\n#happy #weekend #familly #love #hapiness\xe2\x80\xa6 https://t.co/wJVGtnwoI1"""
957020438634352641,es,Pepi_rock,b'disfrutando las vacaciones #summer #panimavida #happy #amigos #lake con los amigos #melvin \xe2\x80\x94 me siento genial en... https://t.co/QL3XzztcnA'
957020378664185856,en,Shari_Mari_,b'Flooding your feed with sunshine \xe2\x98\x80\xef\xb8\x8fand good vibes \xf0\x9f\x98\x8c \xf0\x9f\x92\x96\xf0\x9f\x99\x8f\xf0\x9f\x8f\xbd #happy #spreadsomelovenmusic #goodtimes\xe2\x80\xa6 https://t.co/AgpdYakyih'
957020353070616576,und,RareBwouy,b'#inshot #girls #cute #summer #blur #sun #happy #fun #dog #hair #beach #hot #cool #fashion\xe2\x80\xa6 https://t.co/opr9ybfgYj'
957020351455809537,en,timkilroy,"b""Via @nytimes, Yale's most popular class ever is on #happiness. Have you thought about trying to bring more #revenue\xe2\x80\xa6 https://t.co/OBWSnZ6s3z"""
957020114846707712,es,yoisabelherrero,"b'Las rutinas son buenas. Que s\xc3\xad, de verdad https://t.co/grufMplQwZ #happy #wellness https://t.co/Lv7CaxSLmz'"
957020088514867201,en,KerfuffleBuff,b'RT @Phil_Sledge: Click here if you need something to make you smile https://t.co/SZKcsCR1ts \n\n#cute #smile #pretty #beautiful #sweet #Happy\xe2\x80\xa6'
957020062212345858,es,StiloVane,b'Hoy es un d\xc3\xada perfecto para ser feliz \xf0\x9f\x98\x81\xf0\x9f\x98\x89\xf0\x9f\x8c\xb7\xf0\x9f\x98\x89\n#happy #picoftheday #collage #piccollage #smile\xe2\x80\xa6 https://t.co/rYkZ0v2Qle'
957020008776978438,en,lilyohh,b'@TheEllenShow #Happy BirthdayEllen https://t.co/LMIDOEXLLR'
957019964652883968,ja,mo2any,b'\xe3\x81\x8a\xe3\x81\xaf\xe3\x82\x88\xe3\x81\x86\n\xe7\x8f\x88\xe7\x90\xb2\xe3\x82\x92\n\xe6\xb7\xb9\xe3\x82\x8c\xe3\x81\x9f\xe3\x82\x88\n\n\xe3\x81\x8b\xe3\x81\x8c\xe3\x81\xbf\xe3\x81\xab\n\xe3\x81\x86\xe3\x81\xa4\xe3\x82\x89\xe3\x81\xaa\xe3\x81\x84\n\xe3\x82\x8f\xe3\x81\x9f\xe3\x81\x97\xe3\x82\x92\n\xe3\x81\x9f\xe3\x81\x84\xe3\x81\x9b\xe3\x81\xa4\xe3\x81\xab\n\xe3\x81\x99\xe3\x82\x8b\xe3\x82\x88\n\n#poeticcafe #coffee #happy #TOKYO #wagashi\xe2\x80\xa6 Japanhttps://www.instagram.com/p/BebgJtoFT7h/'
957019847174520834,en,rotnroll666,b'Hanging out with @mp911de @gtrefs @RobertReiz great evening and company #happy https://t.co/LavwNL4fLQ'
957019845626867712,en,breaking_news88,"b""#Happy #Birthday #Ellen #DeGeneres! You're 60 and a #Superst... - https://t.co/1QPB5dYdAF - #Youre https://t.co/VPFJpVcghd"""
957019838228070400,en,ene3112,b'RT @JamesKennedyUK: #Perspective\n\nShare the #HAPPY!\n\nP.s. Love you! \xe2\x9d\xa4\xef\xb8\x8f x\nhttps://t.co/EBM1poMh8t\n\n#Misfits'
957019826463133696,pt,ariannaaarenz,b'Seu sorriso tem muito poder menina!\nVc n\xc3\xa3o faz id\xc3\xa9ia do quanto! \xe2\x9d\xa4\n\xe2\x80\xa2\n#smilemore #smile\xe2\x98\xba #happy\xe2\x80\xa6 https://t.co/ldQOfrIcQv'
957019784587218944,und,RareBwouy,b'#inshot #girls #cute #summer #blur #sun #happy #fun #dog #hair #beach #hot #cool #fashion\xe2\x80\xa6 https://t.co/y9fYHB9feG'
957019734888927233,und,JPidancet,b'#noregrets #CatchUp #goodcompany #memories #NoMatterWhat #thisismylife #HappyFriday #instagood #happy #livinglife\xe2\x80\xa6 https://t.co/skuy7Hm0Gc'
957019717717422080,en,compassionluv,"b'Doing what you absolutely love is one of the most empowering, uplifting, &amp; fulfilling things in the world! You have\xe2\x80\xa6 https://t.co/SNYaUC9a6u'"
957019686914396161,en,marvin_glover,b'It\xe2\x80\x99s Grammy time in New York. #grammys #followme #smile #happy https://t.co/u9XVkYgBKD'
957019633806139393,en,Rod_Rosa,b'Lights will guide you home.\n.\n.\n.\n#love #picoftheday #selfie #follow #followme #fashion #happy\xe2\x80\xa6 https://t.co/T4P6twPA99'
957019449248317442,en,secretchart,"b'""A #happy thought cannot exist in an unhappy consciousness.""\n\nSteven Claysen \n\n#lawofattraction #LOA #LOA #lawofattraction'"
957019335683399680,en,LostSoulsBTQ,"b'We\xe2\x80\x99re in Flannel heaven \xf0\x9f\x98\x8d \nShop in store, https://t.co/cxLC773z7x &amp; 631-923-2096\n#happy #flower #flowers #flannel\xe2\x80\xa6 https://t.co/5JB2eO64TT'"
957019325205917697,und,HortenRomero,b'#partnerincrime #JuntosPodemosMas #cello #sinfiltros #FelizViernes #happyBirthday #JaquelineDupr\xc3\xa8 #happy #strings https://t.co/aPBd6uvUjf'
957019224337248261,und,sweetnuskie,b'quan trobes un seient en forma de \xe2\x9d\xa4\xef\xb8\x8f\xf0\x9f\x98\x9b #madrid #postureo #pregintonic #happy\xe2\x80\xa6 https://t.co/gFZUkHaxBS'
957019204468772866,et,happybubdog,b'Mark Vande Hei\xe2\x80\x99s \xe2\x80\x98Space-Selfie\xe2\x80\x99 via NASA... #happy #dog https://t.co/ax68a4BEdA https://t.co/1xXNQ9uRdB'
957019178346696709,en,yIMB30if1QyX9Rb,b'RT @missJennOnline: Thank you @ImLiveCom for NEW amazing award! #SEXIEST \xf0\x9f\x8f\x86!!! So #HAPPY to be here with you:  \xf0\x9f\x91\x89https://t.co/49y2G3Rynt #Cam\xe2\x80\xa6'
957018942148632576,und,engelhardt_jorg,b'#happy https://t.co/0e7J3EM54B'
957018873085284352,en,phyllisburden20,b'RT @liveyourdreamx: Two pbs today with        @pixielaurac #inthezone #proud #teamwork #happy #britishBronzemedallists \xf0\x9f\xa5\x89\xf0\x9f\x9a\xb4\xe2\x80\x8d\xe2\x99\x80\xef\xb8\x8f\xf0\x9f\x9a\xb4\xe2\x80\x8d\xe2\x99\x80\xef\xb8\x8f https://t.\xe2\x80\xa6'
957018841250398208,en,Novakation,b'Sometimes you just have to let the beat guide you\n.\n.\n.\n.\n#exploring #explore #travelblogger #travelphotography\xe2\x80\xa6 https://t.co/ofLhEfUz6T'
957018780730671104,en,AnasKha65837938,b'#A #Walk #To #remember #its #an #Awesome #feeling #when #you are on a #Ramp #and #people appriecite you.... #Actor\xe2\x80\xa6 https://t.co/uYC39U4XH6'
957018767027994625,en,HERBSK8,"b'Some people are happy with possessions, some with positions, and some.. just genuinely #happy .'"
957018732278120449,en,BoBlack15541917,b'RT @missJennOnline: Thank you @ImLiveCom for NEW amazing award! #SEXIEST \xf0\x9f\x8f\x86!!! So #HAPPY to be here with you:  \xf0\x9f\x91\x89https://t.co/49y2G3Rynt #Cam\xe2\x80\xa6'
957018688498143232,en,EvaGray,b'RT @TheTrudyLite: Happy #Friday Boys and Girls :) #KeepItLite ;) \xe2\x9d\xa4\xef\xb8\x8f Bee-ing #Happy \xe2\x9d\xa4\xef\xb8\x8f #FridayFeeling #FridayMotivation #TGIF #FriYay #Frida\xe2\x80\xa6'
957018684207304709,en,MachinBidule_LM,"b'Good english lesson this morning with the team, and our super Peter \xf0\x9f\x91\x8d#happy #english #teamspirit #worklife\xe2\x80\xa6 https://t.co/1o1SKBZz7y'"
957018661105094658,en,EvaGray,b'RT @TheTrudyLite: Happy #Friday Boys and Girls :) #KeepItLite ;) \xe2\x9d\xa4\xef\xb8\x8f How to Be #Happy \xe2\x9d\xa4\xef\xb8\x8f #FridayFeeling #FridayMotivation #TGIF #FriYay #Fri\xe2\x80\xa6'
957018619724095488,en,BroadwayUK,b'RT @BroadwayUK: #happy #weekend from https://t.co/3sb3MQIFeD Station Road is now #OPEN and the diversions have ceased. #Broadway #Cotswolds\xe2\x80\xa6'
957018525549416450,en,rescuegal,b'RT @vernsanders: honored\nRT @DezMcFallar:\nThanks to my top interactors!  #happy #friday \n@Dzdjewelry @vernsanders @marceecorn @DarrylRealis\xe2\x80\xa6'
957018511884222465,es,PAolitAMT,"b'Sonriendo a la vida\xf0\x9f\x8e\x88 #love, #instagood, #photooftheday, #beautiful, #fashion, #happy, #tbt,\xe2\x80\xa6 https://t.co/I9Fa8jnHyM'"
957018511460765701,en,AngieM_07xo25,b'RT @allymastt_xO: I fall more for you every day sweetheart \xe2\x99\xa1 happy to be happy. #getyouagoodwoman #happy #myhunnybear #sweetheart #neverlea\xe2\x80\xa6'
957018459673636866,en,HarmonyRoxxx,b'Flashback Friday pic with my youngest king \xf0\x9f\x91\x91\nHappy birthday Alijah! \xf0\x9f\x8e\x82\n#beauty #harmony\n#happy\xe2\x80\xa6 https://t.co/sCGSnBFSV4'
957018395727269888,en,LLB_boutique,"b""RT @LLB_boutique: #Happy #Sunday. We thought we'd start the day with some #MissyElliott and some #bling \xf0\x9f\x98\x8d don't miss out on these great Met\xe2\x80\xa6"""
957018296888516608,en,allymastt_xO,b'I fall more for you every day sweetheart \xe2\x99\xa1 happy to be happy. #getyouagoodwoman #happy #myhunnybear #sweetheart\xe2\x80\xa6 https://t.co/fzq1VkOoa9'
957018280425869312,en,ArizonaTan,"b""#friday \xf0\x9f\x98\x8eBecause no great #weekend started with I'm pale! #tan #instagood #instamood #happy\xe2\x80\xa6 https://t.co/mVfI1BBS0X"""
957018129539960834,en,AlpineHemp,b'Hand check! Just vaping on some face the fruit getting ready to leave work! Keeping me calm and focused\xf0\x9f\x98\x87. I was pre\xe2\x80\xa6 https://t.co/tzMVGUVvOw'
957018118911676416,en,ASRBABES,b'RT @missJennOnline: Thank you @ImLiveCom for NEW amazing award! #SEXIEST \xf0\x9f\x8f\x86!!! So #HAPPY to be here with you:  \xf0\x9f\x91\x89https://t.co/49y2G3Rynt #Cam\xe2\x80\xa6'
957018021721120768,und,PetShirtsUSA,b'\xf0\x9f\x94\x8a  #BIRDS #MAKE #ME #HAPPY\n\xf0\x9f\xa4\xb6  #petlover #hoodie #tshirt #fashion \nhttps://t.co/65xrFZWhP7'
957017996295319553,en,ForTravelStore1,b'Incredible!\n\nWelcome to https://t.co/FxMd6pTeWU\n\n#amazing #sun #happy https://t.co/T1PAZ9aTmR'
957017964477407237,en,pixielaurac,b'RT @liveyourdreamx: Two pbs today with        @pixielaurac #inthezone #proud #teamwork #happy #britishBronzemedallists \xf0\x9f\xa5\x89\xf0\x9f\x9a\xb4\xe2\x80\x8d\xe2\x99\x80\xef\xb8\x8f\xf0\x9f\x9a\xb4\xe2\x80\x8d\xe2\x99\x80\xef\xb8\x8f https://t.\xe2\x80\xa6'
957017932512538624,pt,daughterofmara,b'Curvalicious #thicc #healthy #happy https://t.co/WblOzk0ebD'
957017912925216768,en,LLB_boutique,"b""RT @LLB_boutique: #happy #friday #LLBeauties \xf0\x9f\x98\x98 The #weekend is nearly here \xf0\x9f\x92\x97  what's you #plans this weekend?! Don't forget to stay tuned i\xe2\x80\xa6"""
957017891886518273,en,Moulouddu33,b'RT @Phil_Sledge: Click here if you need something to make you smile https://t.co/SZKcsCR1ts \n\n#cute #smile #pretty #beautiful #sweet #Happy\xe2\x80\xa6'
957017852703277058,en,Miljil1,b'RT @Phil_Sledge: Click here if you need something to make you smile https://t.co/SZKcsCR1ts \n\n#cute #smile #pretty #beautiful #sweet #Happy\xe2\x80\xa6'
957017852611059712,en,Naginaagiii,b'RT @Phil_Sledge: Click here if you need something to make you smile https://t.co/SZKcsCR1ts \n\n#cute #smile #pretty #beautiful #sweet #Happy\xe2\x80\xa6'
957017852510392320,en,RaniRaniaav,b'RT @Phil_Sledge: Click here if you need something to make you smile https://t.co/SZKcsCR1ts \n\n#cute #smile #pretty #beautiful #sweet #Happy\xe2\x80\xa6'
957017852455899136,en,Lolti41,b'RT @Phil_Sledge: Click here if you need something to make you smile https://t.co/SZKcsCR1ts \n\n#cute #smile #pretty #beautiful #sweet #Happy\xe2\x80\xa6'
957017852430749700,en,tweetybirdss11,b'RT @Phil_Sledge: Click here if you need something to make you smile https://t.co/SZKcsCR1ts \n\n#cute #smile #pretty #beautiful #sweet #Happy\xe2\x80\xa6'
957017852430749697,en,Dilteri1,b'RT @Phil_Sledge: Click here if you need something to make you smile https://t.co/SZKcsCR1ts \n\n#cute #smile #pretty #beautiful #sweet #Happy\xe2\x80\xa6'
957017852418183168,en,Meriijan1,b'RT @Phil_Sledge: Click here if you need something to make you smile https://t.co/SZKcsCR1ts \n\n#cute #smile #pretty #beautiful #sweet #Happy\xe2\x80\xa6'
957017852405526529,en,Lolti5,b'RT @Phil_Sledge: Click here if you need something to make you smile https://t.co/SZKcsCR1ts \n\n#cute #smile #pretty #beautiful #sweet #Happy\xe2\x80\xa6'
957017852380434432,en,Bilwali1,b'RT @Phil_Sledge: Click here if you need something to make you smile https://t.co/SZKcsCR1ts \n\n#cute #smile #pretty #beautiful #sweet #Happy\xe2\x80\xa6'
957017852380368899,en,topiustaad,b'RT @Phil_Sledge: Click here if you need something to make you smile https://t.co/SZKcsCR1ts \n\n#cute #smile #pretty #beautiful #sweet #Happy\xe2\x80\xa6'
957017852372049920,en,lastname937,b'RT @Phil_Sledge: Click here if you need something to make you smile https://t.co/SZKcsCR1ts \n\n#cute #smile #pretty #beautiful #sweet #Happy\xe2\x80\xa6'
957017852371984384,en,atma_ki,b'RT @Phil_Sledge: Click here if you need something to make you smile https://t.co/SZKcsCR1ts \n\n#cute #smile #pretty #beautiful #sweet #Happy\xe2\x80\xa6'
957017852371972099,en,dilteri3,b'RT @Phil_Sledge: Click here if you need something to make you smile https://t.co/SZKcsCR1ts \n\n#cute #smile #pretty #beautiful #sweet #Happy\xe2\x80\xa6'
957017852371927045,en,Supssl,b'RT @Phil_Sledge: Click here if you need something to make you smile https://t.co/SZKcsCR1ts \n\n#cute #smile #pretty #beautiful #sweet #Happy\xe2\x80\xa6'
957017852367790087,en,login784,b'RT @Phil_Sledge: Click here if you need something to make you smile https://t.co/SZKcsCR1ts \n\n#cute #smile #pretty #beautiful #sweet #Happy\xe2\x80\xa6'
957017852363591681,en,dilteri2,b'RT @Phil_Sledge: Click here if you need something to make you smile https://t.co/SZKcsCR1ts \n\n#cute #smile #pretty #beautiful #sweet #Happy\xe2\x80\xa6'
957017852363591680,en,firstname693,b'RT @Phil_Sledge: Click here if you need something to make you smile https://t.co/SZKcsCR1ts \n\n#cute #smile #pretty #beautiful #sweet #Happy\xe2\x80\xa6'
957017852359389184,en,khan_amir_72,b'RT @Phil_Sledge: Click here if you need something to make you smile https://t.co/SZKcsCR1ts \n\n#cute #smile #pretty #beautiful #sweet #Happy\xe2\x80\xa6'
957017852355207168,en,Lolti21,b'RT @Phil_Sledge: Click here if you need something to make you smile https://t.co/SZKcsCR1ts \n\n#cute #smile #pretty #beautiful #sweet #Happy\xe2\x80\xa6'
957017852342685697,en,JanSharmeen,b'RT @Phil_Sledge: Click here if you need something to make you smile https://t.co/SZKcsCR1ts \n\n#cute #smile #pretty #beautiful #sweet #Happy\xe2\x80\xa6'
957017852338429952,en,Lolti31,b'RT @Phil_Sledge: Click here if you need something to make you smile https://t.co/SZKcsCR1ts \n\n#cute #smile #pretty #beautiful #sweet #Happy\xe2\x80\xa6'
957017777595805696,und,PMABECKER,b'#Just #Be #Happy #Let #Things #Flow #Be #Positive #PositiveMentalAttitude #PMA823 https://t.co/JT7NktOpEi'
957017715478278144,en,liveyourdreamx,b'Two pbs today with        @pixielaurac #inthezone #proud #teamwork #happy #britishBronzemedallists \xf0\x9f\xa5\x89\xf0\x9f\x9a\xb4\xe2\x80\x8d\xe2\x99\x80\xef\xb8\x8f\xf0\x9f\x9a\xb4\xe2\x80\x8d\xe2\x99\x80\xef\xb8\x8f https://t.co/vh08SrLeYf'
957017690509664256,en,DrAngieeugene,b'LADY in RED is dancing.. #happy #love #gratitude #universe #thankful #winning\xe2\x80\xa6 https://t.co/mdoaSoXsZe'
957017565640970240,es,soffylove,"b'yo a ti TE AMO \xe2\x9d\xa3\xef\xb8\x8f #happy #inlove #soufi pperezi @ Santiago, Chile https://t.co/whj2NWyEvh'"
957017415610707968,en,DRVforU,b'#Happy Sabbath@Jesus coming soon@3ABN News: 3ABN Russia Update (2018-01-19) https://t.co/icytrWDlNA via @YouTube'
957017371306160128,en,redhearts07_,b'Speechless until now \xf0\x9f\x98\xad\xf0\x9f\x98\xad\xf0\x9f\x98\x8d\xf0\x9f\x98\x8d\xe2\x9d\xa4 Thankyou guys so much! \xf0\x9f\x98\xad\xe2\x9d\xa4\xe2\x9d\xa4\xe2\x9d\xa4 I Love you all \xf0\x9f\x98\x98\xf0\x9f\x92\x93\xf0\x9f\xa4\x97\n\n#Happy \xf0\x9f\x98\x8d #Blessed \xf0\x9f\x98\x87 #Contented \xe2\x9d\xa4 \xe2\x80\x94 feeling thankful'
957017316209852416,en,Phil_Sledge,b'Click here if you need something to make you smile https://t.co/SZKcsCR1ts \n\n#cute #smile #pretty #beautiful #sweet\xe2\x80\xa6 https://t.co/53QlXK0hHg'
957017228230168577,ne,sharma14828,b'RT @SamundraMagar4: \xe0\xa4\xae\xe0\xa4\xa8 \xe0\xa4\xaa\xe0\xa4\xb0\xe0\xa5\x87\xe0\xa4\x95\xe0\xa5\x8b \xe0\xa4\xae\xe0\xa4\xbe\xe0\xa4\xaf\xe0\xa4\xbe\xe0\xa4\xb2\xe0\xa4\xbe\xe0\xa4\x88 \xe0\xa4\x9a\xe0\xa5\x8b\xe0\xa4\x96\xe0\xa5\x8b \xe0\xa4\xaa\xe0\xa4\xbf\xe0\xa4\xaf\xe0\xa4\xbe\xe0\xa4\xb0\xe2\x9d\xa4\n\xe0\xa4\x85\xe0\xa4\xb0\xe0\xa5\x81 \xe0\xa4\xb8\xe0\xa4\xac\xe0\xa5\x88 \xe0\xa4\xa6\xe0\xa4\xbf\xe0\xa4\xa6\xe0\xa4\xbf\xe0\xa4\xac\xe0\xa4\xb9\xe0\xa4\xbf\xe0\xa4\xa8\xe0\xa5\x80 \xe0\xa4\xb9\xe0\xa4\xb0\xe0\xa5\x81\xe0\xa4\xb2\xe0\xa4\xbe\xe0\xa4\x88 #happy \xe0\xa4\xa4\xe0\xa4\xbf\xe0\xa4\xb9\xe0\xa4\xbe\xe0\xa4\xb0!'
957017047837429761,es,aguilegarox9,b'Guapos elegantes siempre a la moda estilo \xc3\xbanico \n#AnaBrenda  #IvanSanchezz \n#Actriz\n#Actor \n#Moda\n#Elegancia\xe2\x80\xa6 https://t.co/EfPhQbSe1c'
957017003008643074,en,fairuse,"b""Just when you think @SYFY #Happy!  Can't get any weirder. It does. Episode 107"""
957016948566626304,und,CraftyDBoutique,b'https://t.co/CFaVhtEPC6 #babies #happy #love #funny\n#sanantonio   \nvia https://t.co/AzgqUhBAYD https://t.co/BRgXYcp01p'
957016936948301825,en,thordsonerick,b'Looking for 1 or 2 more amazing and motivated people to join my team. Curious!? Message me! :)\n#CBD #Hemp #health\xe2\x80\xa6 https://t.co/0RYAH14nbL'
957016913267318784,en,cedcore_,b'Life lover \xf0\x9f\x98\x81 #love #photooftheday #fashion #model #happy #fitnessmodel #selfie #smile #beautiful #healthy #food\xe2\x80\xa6 https://t.co/aJI3QgOrSN'
957016891452780544,es,xRed_Viper,b'&lt;---- Se siente afortunado por vivir rodeado de mujeres...#Happy'
957016847597080578,es,fenix18mauricio,b'Hoy es uno de esos d\xc3\xadas en los que me siento m\xc3\xa1s que c\xc3\xb3modo conmigo #Smile #PicOfTheDay #Happy\xe2\x80\xa6 https://t.co/E041ARwgFm'
957016847152541696,es,SaritaRSG,b'Viernes 26 de Enero 2018 esta Noche Volvemos con @gottalenttv en @telecincoes a las 22:00h \xf0\x9f\x92\xa3\xe2\xad\x90\xef\xb8\x8f\xf0\x9f\x92\xa3\xe2\xad\x90\xef\xb8\x8f\xf0\x9f\x92\xa3 #SaraRomero\xe2\x80\xa6 https://t.co/sZNKUtjksw'
957016836943597574,en,ZackeryWhitake1,b'RT @missJennOnline: Thank you @ImLiveCom for NEW amazing award! #SEXIEST \xf0\x9f\x8f\x86!!! So #HAPPY to be here with you:  \xf0\x9f\x91\x89https://t.co/49y2G3Rynt #Cam\xe2\x80\xa6'
957016789954605056,en,819Y15,b'\xe2\x96\xb2  \xee\x8c\x92 Gavin\n     (*\xcf\x8b)\xef\xbe\x89     H\xc3\xa4\xc3\xbe\xc3\xbe\xc3\xbf\xee\x8c\xae\n    &lt;\xe2\x96\xa0          \xc3\x9f\xc3\xafRTHD\xc3\x84\xc3\xbf\xee\x8c\x86\n       /|\n\nHope  you have a  great day!\n\nWishihg you a d\xe2\x80\xa6 https://t.co/rqkhlkMd5D'
957016743100198917,en,BFJM102,b'RT @C_bum1007: Happy FridayNight\xf0\x9f\x98\x98\n\n#Happy #Friday #Night https://t.co/EqxZpMKqoQ'
957016679049039873,und,LuvenaJade,b'\xf0\x9f\x90\xb6\xf0\x9f\x91\xa9\xf0\x9f\x8f\xbb #littlebean #cute #love #happy #friday #dog #puppy #cuddles #staffordshirebullterrier\xe2\x80\xa6 https://t.co/uE4gJs0BIS'
957016659994251264,en,NYDentalImplant,b'Just another Friday in the office!\n#dentalhygienist #dentistry #periodontics #smile #happy #clean #cleaning https://t.co/JH92uHB8Pl'
957016491995619328,en,MrTuntstall,b'RT @realmrmusic: Ok pause! \xe2\x9c\x8b..This #EXCLUSIVE shrimp with #lobster pasta by @JazzSoulFood will leave your tastebuds #happy &amp; your stomach #\xe2\x80\xa6'
957016401952296960,en,Katie13Thom,b'Had 4 kids gone today and let me tell you 22 kids vs 26 kids is a world of difference #Happy #FantasticFriday'
957016388396134400,und,CandyH2O,b'@AskAaronLee #Happy'
957016359300403201,en,mannytorres1126,b'Everyday I walk in my office and think of @ACECheerCompany  :) #Happy ##WhoPutThisAboveMyDesk? https://t.co/nosVZioMx0'
957016286072012800,en,realmrmusic,b'Ok pause! \xe2\x9c\x8b..This #EXCLUSIVE shrimp with #lobster pasta by @JazzSoulFood will leave your tastebuds #happy &amp; your st\xe2\x80\xa6 https://t.co/5mr7eFRtcW'
957016226064207872,en,k7_JAMEEL,"b'I was... \n#happy\n#thinking \n#plying \nand \nSometimes in #pinkshirt @ Charlotte, North Carolina https://t.co/AYWs50Nspu'"
957016138566815745,en,MyCircleOfLife,b'Happiness is hopping in a free world \xf0\x9f\x98\x82\n.\n#JumpForJoy #Happiness #Free #Freedom #Happy #Bunny\xe2\x80\xa6 https://t.co/adQGUFE3W9'
957016108141293569,en,Kittenwhipsb,b'RT @missJennOnline: Thank you @ImLiveCom for NEW amazing award! #SEXIEST \xf0\x9f\x8f\x86!!! So #HAPPY to be here with you:  \xf0\x9f\x91\x89https://t.co/49y2G3Rynt #Cam\xe2\x80\xa6'
957016044685725696,en,alexandraxsh,b'Best Friday night drinking prosecco and chatting with my sisters \xf0\x9f\x92\x95 #happy #onslowtriplets'
957015955699355649,en,AltWaysToHeal,b'FOODS For #HEALING Your Body!! \nhttps://t.co/FzueUPyZGg \n#DoPlants! #Healthy IS #Happy!! https://t.co/PKpCrr1wjy'
957015941543612416,und,AltWaysToHeal,b'#HealDepression #Naturally !\n#AltWaysToHeal \nhttps://t.co/6hlj6PeYPf \n#Happy IS #Healthy! https://t.co/F9KWvp8nPM'
957015938787880966,es,marianarebeca09,b'Nenaaa te quiero ... \n#Happy https://t.co/gNogwu3eKP'
957015937013747712,en,AltWaysToHeal,b'BEST #LawOfAttraction #RESOURCES for #HEALING! \nhttps://t.co/DPOttpKLt5 \n#AltWaysToHeal #Healthy IS #Happy! #IDWP ! https://t.co/37CHtNjmps'
957015932756471808,en,AltWaysToHeal,b'USE The POWER Of YOUR MIND To #HEAL YOUR BODY! \nhttps://t.co/0SbN3V9ZJy \n#AltWaysToHeal #Healthy IS #Happy!! https://t.co/IlxDBeufm4'
957015932332838913,en,AltWaysToHeal,b'#LawOfAttraction for #HEALING!! \nhttps://t.co/WKTmwMDuhH \n#AltWaysToHeal #Healthy IS #Happy!! https://t.co/UG9st5z3dW'
957015926976794625,en,AltWaysToHeal,b'Can #ArtTherapy and #MusicTherapy Heal Your Life?\nhttps://t.co/eYnhIatt2t \n#AltWaysToHeal #Healthy #Happy #Healing! https://t.co/MaZlY68ea1'
957015911399153664,en,AltWaysToHeal,b'Does #MagnetTherapy Really Work?\nhttps://t.co/UhgUjJL4Fv \n#AltWaysToHeal #Healing #Healthy #Happy !! https://t.co/I1w96cYiJA'
957015908488278017,en,AltWaysToHeal,b'Best #EssentialOils for #Anxiety !!  \nhttps://t.co/1ZYRAT28rx \n#Healthy #Happy #Peace !!  #AltWaysToHEAL !! https://t.co/WkJeH883k5'
957015906634420224,en,AltWaysToHeal,b'SAFE Ways To HEAL Your #Acne!!\n\nhttps://t.co/FQ6RYNZDyl \n#AltWaysToHeal #Healthy #Happy #Healing!! https://t.co/RhoyOokPwo'
957015896668758016,en,AltWaysToHeal,b'HERBAL SLEEP REMEDIES THAT WORK!!\nhttps://t.co/HhZlSZIqPz\n#AltWaysToHeal #Healthy #Healing #Happy !! https://t.co/2xFX2z9fsX'
957015833590591490,und,HeyIts_Franco,b'RT @TanyaFrancesco: #Love #Inlove #truelove #SpreadLove #Happy #happiness #Couple #couplegoals #couplesgoals #relationship #relationshipgoa\xe2\x80\xa6'
957015668272050176,en,AltWaysToHeal,b'100 Amazing Health Benefits of Cucumbers! \nhttps://t.co/RzYGVZqcyK \n#Healthy IS #Happy!! \n#DoPlants! https://t.co/DMr5NyEM6P'
957015651431960576,en,AltWaysToHeal,b'I LOVE #AbrahamHicks and #LawOfAttraction !! \n\n#Healthy #Healing #Happy #Peace! \n\nhttps://t.co/E7T2Fv8keh https://t.co/S7wH8MBq1J'
957015642544144386,und,AltWaysToHeal,b'Be #HAPPY #HEALTHY #WELL!\xc2\xa0\nhttps://t.co/MNGFMpWjPJ\xc2\xa0\n#Health #NaturalHealing #HomeRemedies\xc2\xa0\n#HealNaturally!!\xe2\x80\xa6 https://t.co/luZVpvOHqk'
957015636558929922,en,busybakelady,b'#happy birthday Ellen\n60 is the new 40!!'
957015592330031110,en,TIBET_LIBRE_,"b""RT @manjushriNL: @manjushriNL wishes you a #happy and a #peaceful weekend!\nSave #Tibet! Please retweet our tweets.\n\n#China's #occupation of\xe2\x80\xa6"""
957015589507170305,en,SparkBestSeller,b'RT @Lorraine1984198: Proud of Team Lewis - @ItsCharacter @Jodubes making people #happy with #gifts during #cancer treatment for @uk_tlf htt\xe2\x80\xa6'
957015528060702724,en,SparkBestSeller,b'RT @AltWaysToHeal: What Is YOUR Passion?!\xc2\xa0\nThis Is A Program That JUST WORKS!\xc2\xa0\nhttps://t.co/JE8qm3OhTH\xc2\xa0\nhttps://t.co/MNGFMpWjPJ!\xc2\xa0\n#Happy #H\xe2\x80\xa6'
957015525565042688,en,SelenaSecret01,b'RT @missJennOnline: Thank you @ImLiveCom for NEW amazing award! #SEXIEST \xf0\x9f\x8f\x86!!! So #HAPPY to be here with you:  \xf0\x9f\x91\x89https://t.co/49y2G3Rynt #Cam\xe2\x80\xa6'
957015523090468864,und,rising2angel,b'#swans and #wind\n#sunny #sunnyday #sun #sunnylife #instagood #happy #lake #nature #lakeshore #lakehouse\xe2\x80\xa6 https://t.co/iVmH3uptrK'
957015506212524032,ja,SparkBestSeller,b'RT @hokkaidokyuzin: \xe6\x9c\x88\xe5\x8f\x8e\xef\xbc\x91\xef\xbc\x90\xef\xbc\x90\xe4\xb8\x87\xe4\xbb\xa5\xe4\xb8\x8a\xe3\x82\x82\xe7\x84\xa1\xe7\x90\x86\xe3\x81\x98\xe3\x82\x83\xe3\x81\xaa\xe3\x81\x84\xef\xbc\x81\xef\xbc\x81\n\xe8\xb2\xb4\xe6\x96\xb9\xe3\x81\xae\xe9\xa0\x91\xe5\xbc\xb5\xe3\x82\x8a\xe6\xac\xa1\xe7\xac\xac\xe3\x81\xa7\n\xe2\x98\x86\xe5\x8c\x97\xe6\xb5\xb7\xe9\x81\x93\xe6\xb1\x82\xe4\xba\xba\xe2\x98\x86\xe3\x81\xaf\xe3\x81\xa9\xe3\x81\x93\xe3\x81\xbe\xe3\x81\xa7\xe3\x81\xa7\xe3\x82\x82\xe5\x8a\x9b\xe8\xb2\xb8\xe3\x81\x97\xe3\x81\xbe\xe3\x81\x99(^^)/\n\n\xe8\xb2\xb4\xe6\x96\xb9\xe3\x81\xab\xe5\x90\x88\xe3\x81\xa3\xe3\x81\x9f\xe3\x83\x97\xe3\x83\xa9\xe3\x83\xb3\xe3\x81\xa7\xe7\x84\xa1\xe7\x90\x86\xe3\x81\xaa\xe3\x81\x8f\n\xe9\xa0\x91\xe5\xbc\xb5\xe3\x82\x8a\xe7\xb6\x9a\xe3\x81\x91\xe3\x82\x8b\xe4\xba\x8b\xe3\x81\x8c\xe3\x81\xa7\xe3\x81\x8d\xe3\x82\x8b\xef\xbc\x81\xef\xbc\x81( *\xc2\xb4\xe8\x89\xb8\xef\xbd\x80)\n\n#die\xe3\x80\x80#fashion\xe3\x80\x80#happy\xe3\x80\x80#beauti\xe2\x80\xa6'
957015483815022592,en,lanabama13,"b'RT @HeyWeddingDay: Once in a while, right in the middle of an ordinary life, love gives us a fairy tale. Unknown Author #wedding #happy #lo\xe2\x80\xa6'"
957015468614868993,en,Abiigail_Rabbit,b'#Good! I think this is beyond #amazing. It makes me feel #happy \xf0\x9f\x92\x99 #FridayFeeling https://t.co/lbqkAPN6AI'
957015348657745921,en,Lorraine1984198,b'Proud of Team Lewis - @ItsCharacter @Jodubes making people #happy with #gifts during #cancer treatment for @uk_tlf https://t.co/xZ3HjATZYZ'
957015316692905985,en,ReliantManager,b'Let us deal with these kinds of maintenance calls. Live your happiest life! \nContact us at https://t.co/aFokQ5ps2R\xe2\x80\xa6 https://t.co/xXlb1yGwzK'
957015248564899841,en,DEVILZSM,b'very much support this initiative ( // on Twitter)\n#instafun #quoteoftheday #jokes #quotes #mademelaugh #cool #haha\xe2\x80\xa6 https://t.co/bZnSLSojpd'
957015194143723521,en,AltWaysToHeal,b'What Is YOUR Passion?!\xc2\xa0\nThis Is A Program That JUST WORKS!\xc2\xa0\nhttps://t.co/JE8qm3OhTH\xc2\xa0\nhttps://t.co/MNGFMpWjPJ!\xc2\xa0\xe2\x80\xa6 https://t.co/jtoYJsecYc'
957015136471998464,en,sksssksk,b'RT @ToniTullos: Reading with my buddies. #thursday #book #ebook #books #bookish #read #reading #happy #love\xe2\x80\xa6 https://t.co/WtAmAhs6ow'
957015133657550849,en,Jill_Louise9,"b'RT @AasharR: You have to be #Happy first and give out #Happiness to receive happy circumstances back, as anything you want to receive, you\xe2\x80\xa6'"
957015132105854982,en,l1veingdeadgirl,b'RT @missJennOnline: Thank you @ImLiveCom for NEW amazing award! #SEXIEST \xf0\x9f\x8f\x86!!! So #HAPPY to be here with you:  \xf0\x9f\x91\x89https://t.co/49y2G3Rynt #Cam\xe2\x80\xa6'
957015130188922880,en,RealAme22568674,"b'RT @AasharR: You have to be #Happy first and give out #Happiness to receive happy circumstances back, as anything you want to receive, you\xe2\x80\xa6'"
957014907903295488,ja,hokkaidokyuzin,b'\xe6\x9c\x88\xe5\x8f\x8e\xef\xbc\x91\xef\xbc\x90\xef\xbc\x90\xe4\xb8\x87\xe4\xbb\xa5\xe4\xb8\x8a\xe3\x82\x82\xe7\x84\xa1\xe7\x90\x86\xe3\x81\x98\xe3\x82\x83\xe3\x81\xaa\xe3\x81\x84\xef\xbc\x81\xef\xbc\x81\n\xe8\xb2\xb4\xe6\x96\xb9\xe3\x81\xae\xe9\xa0\x91\xe5\xbc\xb5\xe3\x82\x8a\xe6\xac\xa1\xe7\xac\xac\xe3\x81\xa7\n\xe2\x98\x86\xe5\x8c\x97\xe6\xb5\xb7\xe9\x81\x93\xe6\xb1\x82\xe4\xba\xba\xe2\x98\x86\xe3\x81\xaf\xe3\x81\xa9\xe3\x81\x93\xe3\x81\xbe\xe3\x81\xa7\xe3\x81\xa7\xe3\x82\x82\xe5\x8a\x9b\xe8\xb2\xb8\xe3\x81\x97\xe3\x81\xbe\xe3\x81\x99(^^)/\n\n\xe8\xb2\xb4\xe6\x96\xb9\xe3\x81\xab\xe5\x90\x88\xe3\x81\xa3\xe3\x81\x9f\xe3\x83\x97\xe3\x83\xa9\xe3\x83\xb3\xe3\x81\xa7\xe7\x84\xa1\xe7\x90\x86\xe3\x81\xaa\xe3\x81\x8f\n\xe9\xa0\x91\xe5\xbc\xb5\xe3\x82\x8a\xe7\xb6\x9a\xe3\x81\x91\xe3\x82\x8b\xe4\xba\x8b\xe3\x81\x8c\xe3\x81\xa7\xe3\x81\x8d\xe3\x82\x8b\xef\xbc\x81\xef\xbc\x81( *\xc2\xb4\xe8\x89\xb8\xef\xbd\x80)\n\n#die\xe3\x80\x80#fashion\xe3\x80\x80#happy\xe2\x80\xa6 https://t.co/xwP936if7N'
957014868082806785,en,alexkaysedlak,b'Coming soon.\xe2\x98\x84\xef\xb8\x8f#newmusic #comingsoon #tunes #silver #single #happy #mood #create #artist\xe2\x80\xa6 https://t.co/Fv7DKDqXjT'
957014776563019776,en,NataleeWould,b'RT @missJennOnline: Thank you @ImLiveCom for NEW amazing award! #SEXIEST \xf0\x9f\x8f\x86!!! So #HAPPY to be here with you:  \xf0\x9f\x91\x89https://t.co/49y2G3Rynt #Cam\xe2\x80\xa6'
957014717473656832,en,OnenessSchool,b'You might run into OFS students just about anywhere! Like at La Madeleine in Bethesda. #happy #montessori https://t.co/FQxPyLRDN9'
957014626008367104,en,A_P_GrungeNerd,"b'Okay, I have an artist (my favorite on all of instagram) commissioning my next 2 tattoos, one of the serpent midgar\xe2\x80\xa6 https://t.co/Pc8SQJT6sL'"
957014530290315264,en,Maxine_Hall_ARU,"b'RT @sturt_karen: #Happy morning welcoming new @ARU_ALSS UG students, congratulations! \xe2\x98\x80\xef\xb8\x8f#ARUwelcome #ARUexcited https://t.co/31p8f6x4iY'"
957014347880058880,hi,Subhash01544834,b'RT @Rajashri2211: #Happy New Year  \xe0\xa4\xaa\xe0\xa4\xb0 \xe0\xa4\xa8\xe0\xa4\xb6\xe0\xa4\xbe \xe0\xa4\xae\xe0\xa5\x81\xe0\xa4\x95\xe0\xa5\x8d\xe0\xa4\xa4  \xe0\xa4\xad\xe0\xa4\xbe\xe0\xa4\xb0\xe0\xa4\xa4 \xe0\xa4\x85\xe0\xa4\xad\xe0\xa4\xbf\xe0\xa4\xaf\xe0\xa4\xbe\xe0\xa4\xa8\n\xe0\xa4\xad\xe0\xa4\x95\xe0\xa5\x8d\xe0\xa4\xa4\xe0\xa4\xbf \xe0\xa4\x95\xe0\xa5\x80 \xe0\xa4\xb6\xe0\xa4\x95\xe0\xa5\x8d\xe0\xa4\xa4\xe0\xa4\xbf \xe0\xa4\xb9\xe0\xa5\x80 \xe0\xa4\xb8\xe0\xa4\xbe\xe0\xa4\xb0\xe0\xa5\x87 \xe0\xa4\xa8\xe0\xa4\xb6\xe0\xa4\xbe \xe0\xa4\x9b\xe0\xa5\x81\xe0\xa4\xa1\xe0\xa4\xbc\xe0\xa4\xb5\xe0\xa4\xbe \xe0\xa4\xb8\xe0\xa4\x95\xe0\xa4\xa4\xe0\xa5\x80 \xe0\xa4\xb9\xe0\xa5\x87\xe0\xa5\xa4 https://t.co/bkHLHjxFVy'
957014320268873728,und,Subhash01544834,b'RT @Rajashri2211: #Happy New Year  \xe0\xa4\xaa\xe0\xa4\xb0 \xe0\xa4\xa8\xe0\xa4\xb6\xe0\xa4\xbe \xe0\xa4\xae\xe0\xa5\x81\xe0\xa4\x95\xe0\xa5\x8d\xe0\xa4\xa4  \xe0\xa4\xad\xe0\xa4\xbe\xe0\xa4\xb0\xe0\xa4\xa4 \xe0\xa4\x85\xe0\xa4\xad\xe0\xa4\xbf\xe0\xa4\xaf\xe0\xa4\xbe\xe0\xa4\xa8\nDear friends must think ovar that https://t.co/qN8RDQwmzz'
957014272080596993,en,Miss_Ladycakes,b'RT @missJennOnline: Thank you @ImLiveCom for NEW amazing award! #SEXIEST \xf0\x9f\x8f\x86!!! So #HAPPY to be here with you:  \xf0\x9f\x91\x89https://t.co/49y2G3Rynt #Cam\xe2\x80\xa6'
957014256565866496,en,HannahNate20,b'RT @missJennOnline: Thank you @ImLiveCom for NEW amazing award! #SEXIEST \xf0\x9f\x8f\x86!!! So #HAPPY to be here with you:  \xf0\x9f\x91\x89https://t.co/49y2G3Rynt #Cam\xe2\x80\xa6'
957014131189698562,en,NancyCamp15,"b""Be #Happy Printable Artwork! It's makes a great gift! https://t.co/GWnFWipeIK #behappy #printable #positivethinking\xe2\x80\xa6 https://t.co/1emiD2MAUT"""
957014069600555008,ht,Deja_Vudo,b'Popeye/Inked Popeye #tee #smile #cute #luv #favorite #happy\n$25.99\n\xe2\x9e\xa4 https://t.co/yzZltrhgGX\nvia @outfy https://t.co/6KisiJxjSo'
957014063749349376,en,Ipertrofia300,b'RT @missJennOnline: Thank you @ImLiveCom for NEW amazing award! #SEXIEST \xf0\x9f\x8f\x86!!! So #HAPPY to be here with you:  \xf0\x9f\x91\x89https://t.co/49y2G3Rynt #Cam\xe2\x80\xa6'
957013906723168257,en,kalb_kalb13,b'RT @Mistress_Ezada: I am pleased with My @slave_coco. The Amazon gift card I received from put a smile on My face.\n\n#happy https://t.co/fH8\xe2\x80\xa6'
957013900913934343,und,kingpeelo3,b'#ZealousProductionz #young #fly #portrait #handsome #guy #happy #lifestyle #professional\xe2\x80\xa6 https://t.co/1RuV61vhcn'
957013865518256130,en,ShaunnaBeinke,b'RT @Crewiser: From https://t.co/npfBgc8ktQ\nFocus on the things that make you happy! \xf0\x9f\x98\x87 What made you smile today? \xf0\x9f\xa4\x97\n#smile #happy #positivet\xe2\x80\xa6'
957013759410786304,en,UnexpectedlyV,b'I just received my #first @Corkor #purse &amp; #handbag along with a #Personal #ThankYou #note\n\nIt is #Beautiful and I\xe2\x80\xa6 https://t.co/R6lQfJUD98'
957013739508846601,und,SLDianaa,b'#my #baby #love #life #amour #ma #vie #beautiful #beau #goss #dog #chien #crois\xc3\xa9 #husky #staff #happy https://t.co/y4BcGUaclr'
957013672412565505,en,ranigill7,b'\xf0\x9f\x8c\xb9#Everything heals.\nYour heart heals.\nThe mind heals.\nWounds heal.\nYour happiness is always going to come back.\nBad\xe2\x80\xa6 https://t.co/0zjvqNGrD9'
957013657480781825,ja,buchi_hiro,b'\xe3\x81\x8a\xe3\x81\xaf\xe3\x82\x88\xe3\x81\x86\xe3\x81\x94\xe3\x81\x96\xe3\x81\x84\xe3\x81\xbe\xe3\x81\x99\n\xe8\x96\x84\xe3\x82\x89\xe3\x81\xa8\xe9\x9b\xaa\xe2\x9d\x84\n\xe5\xa7\xab\xe8\xb7\xaf\xe3\x81\xae\xe4\xbb\x8a\xe6\x9c\x9d\xe3\x81\xae\xe6\xb0\x97\xe6\xb8\xa9\xe3\x81\xaf-3\xe2\x84\x83\n\xe7\xb4\xa0\xe6\x95\xb5\xe3\x81\xaa\xe4\xb8\x80\xe6\x97\xa5\xe3\x82\x92\xe2\x98\x9d\xf0\x9f\x8f\xbb\xef\xb8\x8f\n#tagstorlikes #instadaily #dog #happy #iphone #iphonex\xe2\x80\xa6 https://t.co/eBAO7EagmN'
957013615269285892,en,tweetybirdss11,b'RT @ToniTullos: Reading with my buddies. #thursday #book #ebook #books #bookish #read #reading #happy #love\xe2\x80\xa6 https://t.co/WtAmAhs6ow'
957013615101513730,en,lastname937,b'RT @ToniTullos: Reading with my buddies. #thursday #book #ebook #books #bookish #read #reading #happy #love\xe2\x80\xa6 https://t.co/WtAmAhs6ow'
957013615072239616,en,Lolti21,b'RT @ToniTullos: Reading with my buddies. #thursday #book #ebook #books #bookish #read #reading #happy #love\xe2\x80\xa6 https://t.co/WtAmAhs6ow'
957013615017684993,en,Lolti41,b'RT @ToniTullos: Reading with my buddies. #thursday #book #ebook #books #bookish #read #reading #happy #love\xe2\x80\xa6 https://t.co/WtAmAhs6ow'
957013615005065216,en,login784,b'RT @ToniTullos: Reading with my buddies. #thursday #book #ebook #books #bookish #read #reading #happy #love\xe2\x80\xa6 https://t.co/WtAmAhs6ow'
957013615000936448,en,topiustaad,b'RT @ToniTullos: Reading with my buddies. #thursday #book #ebook #books #bookish #read #reading #happy #love\xe2\x80\xa6 https://t.co/WtAmAhs6ow'
957013614975647746,en,Naginaagiii,b'RT @ToniTullos: Reading with my buddies. #thursday #book #ebook #books #bookish #read #reading #happy #love\xe2\x80\xa6 https://t.co/WtAmAhs6ow'
957013614967353344,en,Miljil1,b'RT @ToniTullos: Reading with my buddies. #thursday #book #ebook #books #bookish #read #reading #happy #love\xe2\x80\xa6 https://t.co/WtAmAhs6ow'
957013614946373632,en,Lolti31,b'RT @ToniTullos: Reading with my buddies. #thursday #book #ebook #books #bookish #read #reading #happy #love\xe2\x80\xa6 https://t.co/WtAmAhs6ow'
957013614946344961,en,Meriijan1,b'RT @ToniTullos: Reading with my buddies. #thursday #book #ebook #books #bookish #read #reading #happy #love\xe2\x80\xa6 https://t.co/WtAmAhs6ow'
957013614946340864,en,dilteri2,b'RT @ToniTullos: Reading with my buddies. #thursday #book #ebook #books #bookish #read #reading #happy #love\xe2\x80\xa6 https://t.co/WtAmAhs6ow'
957013614942187521,en,Bilwali1,b'RT @ToniTullos: Reading with my buddies. #thursday #book #ebook #books #bookish #read #reading #happy #love\xe2\x80\xa6 https://t.co/WtAmAhs6ow'
957013614942138369,en,RaniRaniaav,b'RT @ToniTullos: Reading with my buddies. #thursday #book #ebook #books #bookish #read #reading #happy #love\xe2\x80\xa6 https://t.co/WtAmAhs6ow'
957013614938021888,en,khan_amir_72,b'RT @ToniTullos: Reading with my buddies. #thursday #book #ebook #books #bookish #read #reading #happy #love\xe2\x80\xa6 https://t.co/WtAmAhs6ow'
957013614937993217,en,atma_ki,b'RT @ToniTullos: Reading with my buddies. #thursday #book #ebook #books #bookish #read #reading #happy #love\xe2\x80\xa6 https://t.co/WtAmAhs6ow'
957013614937952257,en,Supssl,b'RT @ToniTullos: Reading with my buddies. #thursday #book #ebook #books #bookish #read #reading #happy #love\xe2\x80\xa6 https://t.co/WtAmAhs6ow'
957013614937944065,en,firstname693,b'RT @ToniTullos: Reading with my buddies. #thursday #book #ebook #books #bookish #read #reading #happy #love\xe2\x80\xa6 https://t.co/WtAmAhs6ow'
957013614925369349,en,dilteri3,b'RT @ToniTullos: Reading with my buddies. #thursday #book #ebook #books #bookish #read #reading #happy #love\xe2\x80\xa6 https://t.co/WtAmAhs6ow'
957013614921216002,en,JanSharmeen,b'RT @ToniTullos: Reading with my buddies. #thursday #book #ebook #books #bookish #read #reading #happy #love\xe2\x80\xa6 https://t.co/WtAmAhs6ow'
957013614921216000,en,Dilteri1,b'RT @ToniTullos: Reading with my buddies. #thursday #book #ebook #books #bookish #read #reading #happy #love\xe2\x80\xa6 https://t.co/WtAmAhs6ow'
957013614921121798,en,Lolti5,b'RT @ToniTullos: Reading with my buddies. #thursday #book #ebook #books #bookish #read #reading #happy #love\xe2\x80\xa6 https://t.co/WtAmAhs6ow'
957013600568258569,en,AltWaysToHeal,b'What is a #DetoxDiet? Learn Here How To #Detox #Naturally!\xc2\xa0\nhttps://t.co/MhxNcug7B8 \xc2\xa0\n#Healthy IS #Happy! https://t.co/ldS5wRx3Vt'
957013498378276865,es,albertclosa,b'Finde a la vista... disfruteu-lo! #finde #terreny #mullat #disfrute #happy #derrape #freno #mtb\xe2\x80\xa6 https://t.co/ooqwNJdaON'
957013257205796865,en,jaymenobrega,b'RT @VivianaChavar11: Feliz martes \xf0\x9f\x98\x8d\xf0\x9f\x98\x8d happy day!! ..#cute #happy #fun #cat #cool #fashion #friends #smile\xc2\xa0 #like4like\xc2\xa0 #amazing #style #love\xe2\x80\xa6'
957013230219653122,es,jaymenobrega,b'RT @VivianaChavar11: come and have a great day with me \xf0\x9f\x98\x8d\xf0\x9f\x98\x8d ven y ten un gran d\xc3\xada comigo \xf0\x9f\x98\x8d\xf0\x9f\x98\x8d..#cute #happy #fun #cat #cool #fashion #friends #\xe2\x80\xa6'
957013212259651588,en,FedericaGB,b'Little Monster loves boxes. \nMaybe he believes he\xe2\x80\x99s a cat.\nThanks @amazon for it.\n#achille #dogsofinstagram #puppy\xe2\x80\xa6 https://t.co/KsdlToO2pl'
957013202663034880,en,ranigill7,b'#GOOD MORNING #BEAUTIFUL SOULS \nHAVE A \n#BLESSED DAY ITS WEEKENDS\n#BLESSED MONTH \n#BLESSED YEAR #3 CHEERS \n#WELCOME\xe2\x80\xa6 https://t.co/U8CuYksDaC'
957013052913676288,en,mynameisappit,b'RT @Jm30109757: Remember tha Sabbath day to keep it holy \nExudos 20:8\n#happy Sabbath'
957013028460953600,es,MarlaGn,"b'Paradise \xf0\x9f\x8f\x96\xef\xb8\x8f\n\n#beach #Canc\xc3\xban #Playa #Mexico #photography #Happy en Cancun-Isla Mujeres, Mexico https://t.co/JoWMbIDIPG'"
957013005589508096,es,lonchikicker,b'RT @tj_og: @HashtagACCC @Haciendasb @RedMasTv #EnModoPositivo @amparitoccc #Happynewyear #Happy #Feliza\xc3\xb1o #Champions #student #Abrazos #lov\xe2\x80\xa6'
957012975310770176,es,Sinpreocupada,b'Comienza un #FinDeSemana #SinPreocupaciones junto a @DANATENCIO29 y @vizcayadice ma\xc3\xb1ana desde las 10 am a trav\xc3\xa9s de\xe2\x80\xa6 https://t.co/jON7QWmZmD'
957012955161231360,en,edguzm,"b""RT @GreenCanopyInc: Still feeling #happy and #empowered from this month's #EmpowerHappyHour with @Sightline, @HoneymanConsult, @petrafrankl\xe2\x80\xa6"""
957012953210920960,ja,gakujii,b'\xe3\x80\x90\xe4\xbb\x8a\xe6\x97\xa5\xe3\x81\xae\xe3\x81\x93\xe3\x81\xa8\xe3\x81\xb0\xe3\x80\x91\xe3\x81\x84\xe3\x81\xa4\xe3\x81\xae\xe6\x97\xa5\xe3\x81\x8b\xe3\x80\x80\xe3\x81\x84\xe3\x81\xa4\xe3\x81\xae\xe6\x97\xa5\xe3\x81\x8b\xe3\x81\xa8\xe3\x80\x80\xe4\xb8\x80\xe7\x94\x9f\xe3\x81\x8c\xe9\x81\x8e\xe3\x81\x8e\xe3\x81\xa6\xe3\x82\x86\xe3\x81\x8f\xe3\x80\x80\xef\xbc\x88\xe5\x83\xa7\xe4\xbe\xb6\xe5\xbf\x85\xe6\x90\xba\xe3\x82\x88\xe3\x82\x8a\xef\xbc\x89 #\xe8\xa8\x80\xe8\x91\x89 #happy #love'
957012878216826881,en,bigmanbrower,"b'@pattonoswalt does a SyFy subscription come with complimentary psychiatric care, as I feel I need it after starting to watch #Happy! ?'"
957012625887453184,en,Kitty555Kitty,"b'RT @TheEllenShow If this is what having kids is like, I think I get it. Thank you for these sweet messages.\xe2\x80\xa6 https://t.co/QQr7nuyXmD'"
957012564843597824,en,alilaortiz,b'Look \xf0\x9f\x91\x80 hows playing Carnaval.... \xf0\x9f\x94\xb4\xf0\x9f\x94\xb4\xf0\x9f\x94\xb4\xf0\x9f\x98\x8d #carnaval #kids #fun #happy #trinidad https://t.co/BjScwgyuuh'
957012424774762498,en,Sightline,"b""RT @GreenCanopyInc: Still feeling #happy and #empowered from this month's #EmpowerHappyHour with @Sightline, @HoneymanConsult, @petrafrankl\xe2\x80\xa6"""
957012402863788033,tl,kenlorenzo_27,b'MATH Jingle 2018 \xf0\x9f\x98\x82\xf0\x9f\x98\x87\xf0\x9f\x91\x8f\xf0\x9f\x92\x95\xf0\x9f\x91\x8f\xf0\x9f\x91\x8d\n#TVLElevenHOSEA \n#ThirdPlaceWin\n#Happy\n#Bless @ Iba National High School\xe2\x80\xa6 https://t.co/janx5DWZok'
957012347255635970,ja,imaime0818,b'RT @MAKO53909515: \xf0\x9f\x8c\xb8  \xe5\xaf\x92\xe6\xb3\xa2  \xf0\x9f\x8c\xb8\n\n\xe4\xbb\x8a\xe6\x9c\x9d\xe3\x81\xaf\xe6\x8c\x87\xe5\x85\x88\xe3\x81\x8c\xe5\x8b\x95\xe3\x81\x8b\xe3\x81\xaa\xe3\x81\x84\xe3\x80\x82\n\xe9\x81\x93\xe8\xb7\xaf\xe3\x81\xaf\xe5\x87\x8d\xe3\x81\xa3\xe3\x81\xa6\xe3\x82\x8b\xe3\x80\x82\n\xe5\xaf\x92\xe3\x81\x84\xe3\x81\x97\xe3\x81\x8b\xe8\xa8\x80\xe8\x91\x89\xe3\x81\x8c\xe5\x87\xba\xe3\x81\xaa\xe3\x81\x84\xe3\x82\x8f\xe3\x80\x82\n\n\xe6\x9c\x9d\xe5\xaf\x92\xe3\x81\x84\xe3\x81\xa8\xe9\x9d\x92\xe7\xa9\xba\xe5\xba\x83\xe3\x81\x8c\xe3\x82\x8b\xe3\x81\xad\xe3\x80\x82\n\xe3\x81\x8a\xe8\x8a\xb1\xe3\x82\x82\xe9\xa0\x91\xe5\xbc\xb5\xe3\x81\xa3\xe3\x81\xa6\xe3\x82\x8b\xe3\x82\x88\xf0\x9f\x8c\xb8\xf0\x9f\x8c\xb8\n\n#\xe7\xa9\xba\xe3\x81\x8c\xe3\x81\x82\xe3\x82\x8b\xe9\xa2\xa8\xe6\x99\xaf \xef\xbc\x83happy \xef\xbc\x83smile \xef\xbc\x83fighting https://t.co/mKtcTc\xe2\x80\xa6'
957012320730857472,en,alilaortiz,b'Look \xf0\x9f\x91\x80 hows playing Carnaval.... \xf0\x9f\x94\xb4\xf0\x9f\x94\xb4\xf0\x9f\x94\xb4\xf0\x9f\x98\x8d #carnaval #kids #fun #happy #trinidad @ Hilton Trinidad\xe2\x80\xa6 https://t.co/PYQr47S3Ga'
957012194087989248,und,antocirillo1,b'\xf0\x9f\x92\x83\xf0\x9f\x8f\xbc\xf0\x9f\x95\xba\xf0\x9f\x8f\xbc\xf0\x9f\x92\x83\xf0\x9f\x8f\xbc\xf0\x9f\x95\xba\xf0\x9f\x8f\xbc\xf0\x9f\x92\x83\xf0\x9f\x8f\xbc @livinsoulproject @afrosound_choir_gospel_music #happy #pharrelwilliams https://t.co/aLNvrlfxwM'
957012193953927168,en,ladihawk66,b'#HAPPY BIRTHDAY ELLEN'
957012163419410438,en,MrsHollyBowden,"b""Well it's a bright and sunny Saturday \xf0\x9f\x8c\x9e come and say hi to us at the Salamanca markets. Holly is wearing the Honey\xe2\x80\xa6 https://t.co/GuplwCVEPf"""
957012127885221888,en,Risen_Anime,b'Only 20 days till my 21st where not only do I see my friends but also get to see my amazing boyfriend the hype is r\xe2\x80\xa6 https://t.co/lgm81tkQLh'
957012056657469440,en,madatthesun,"b'Flowers make me happy \xf0\x9f\x8c\xb8\xf0\x9f\x8c\xb7\n.\n.\n. \n#flowers #hydrangea #pink #cute #happy #tgif @ Calgary, Alberta https://t.co/zhuZmyewVP'"
957012038156419078,de,KnorrNyappy,b'Entlich hab ich die box.Konnte sie mir leider nicht fr\xc3\xbcher kaufen. I Love #bilou  #Deutschland #Erfurt #Happy https://t.co/xt9y5ybbKL'
957012023535128576,und,santosdpv,b'#inshot #girls #cute #summer #blur #sun #happy #fun #dog #hair #beach #hot #cool #fashion\xe2\x80\xa6 https://t.co/kGZXVOZ9rm'
957011992165928962,es,DaimerFlaquer,b'Tardeando #mcflurry #mcdonalds #unico #icecream #men #happy #love #young en Centro Comercial\xe2\x80\xa6 https://t.co/AqedV6UWjF'
957011923119337472,en,angelitoama,b'Bass \xf0\x9f\xa4\xa4\n.\n.\n.\n#instagram #picoftheday #bass #super #happy #face #eyes #smile #work #home #travel\xe2\x80\xa6 https://t.co/ZKV23jtJxh'
957011856941449216,pt,TequilaSpirits,"b'Here comes Rio de Janeiro, Brasil Carnaval 2018 \n#Tequila #beach #drinks #vodka #wine #amazing #beautiful\xe2\x80\xa6 https://t.co/DbgsoiyvLf'"
957011817926156289,und,antocirillo1,b'\xf0\x9f\x92\x83\xf0\x9f\x8f\xbc\xf0\x9f\x95\xba\xf0\x9f\x8f\xbc\xf0\x9f\x92\x83\xf0\x9f\x8f\xbc\xf0\x9f\x95\xba\xf0\x9f\x8f\xbc\xf0\x9f\x92\x83\xf0\x9f\x8f\xbc @LivinSoulPrjct @AfroSoundChoir #happy #pharrelwilliams https://t.co/JrIDs8paan'
957011773806096384,en,FemBloggers,b'RT @teakruthi: Words of #Wisdom we should always remember. :) Have a #Happy weekend everyone. #BloggersTribe #TGIF #Teakruthi #Tealovers #C\xe2\x80\xa6'
957011707750174720,en,mia41cal,b'RT @C_bum1007: Happy FridayNight\xf0\x9f\x98\x98\n\n#Happy #Friday #Night https://t.co/EqxZpMKqoQ'
